{"stats":{"minecraft:mined":{"minecraft:podzol":1,"minecraft:tuff":3,"minecraft:spruce_planks":5,"minecraft:deepslate_diamond_ore":22,"minecraft:clay":6,"minecraft:short_grass":4,"minecraft:cave_vines_plant":4,"minecraft:basalt":65,"minecraft:crafting_table":5,"minecraft:torch":1,"minecraft:granite":1,"minecraft:grass_block":3,"minecraft:chest":3,"minecraft:cobblestone":9,"minecraft:deepslate_coal_ore":3,"minecraft:deepslate_gold_ore":15,"minecraft:spruce_leaves":1,"minecraft:lapis_ore":5,"minecraft:moss_block":4,"minecraft:coarse_dirt":1,"minecraft:furnace":5,"minecraft:iron_ore":30,"minecraft:cobbled_deepslate":6,"minecraft:fire":4,"minecraft:spruce_log":26,"minecraft:andesite":4,"minecraft:deepslate_lapis_ore":8,"minecraft:cave_vines":5,"minecraft:coal_ore":12,"minecraft:deepslate_iron_ore":1,"minecraft:dirt":11,"minecraft:azalea":2,"minecraft:stone":58,"minecraft:small_dripleaf":1,"minecraft:deepslate":40,"minecraft:fern":2},"minecraft:custom":{"minecraft:interact_with_furnace":21,"minecraft:mob_kills":50,"minecraft:interact_with_crafting_table":8,"minecraft:leave_game":3,"minecraft:time_since_death":11591,"minecraft:climb_one_cm":1235,"minecraft:time_since_rest":11625,"minecraft:sprint_one_cm":204485,"minecraft:damage_taken":2040,"minecraft:walk_one_cm":232992,"minecraft:damage_blocked_by_shield":1380,"minecraft:drop":13,"minecraft:damage_dealt":7184,"minecraft:swim_one_cm":21620,"minecraft:fly_one_cm":145988,"minecraft:open_chest":10,"minecraft:crouch_one_cm":19288,"minecraft:play_time":79006,"minecraft:deaths":3,"minecraft:sneak_time":6698,"minecraft:walk_under_water_one_cm":22759,"minecraft:jump":1368,"minecraft:walk_on_water_one_cm":40939,"minecraft:total_world_time":79006,"minecraft:fall_one_cm":40420},"minecraft:killed_by":{"minecraft:blaze":1,"minecraft:zombie":2},"minecraft:killed":{"minecraft:zombie_villager":1,"minecraft:salmon":16,"minecraft:creeper":2,"minecraft:skeleton":6,"minecraft:zombie":13,"minecraft:chicken":2,"minecraft:drowned":1,"minecraft:wither_skeleton":4,"minecraft:enderman":1,"minecraft:blaze":4},"minecraft:dropped":{"minecraft:stone_axe":1,"minecraft:wheat_seeds":1,"minecraft:coarse_dirt":1,"minecraft:rotten_flesh":2,"minecraft:stone_shovel":1,"minecraft:feather":1,"minecraft:stick":1,"minecraft:gunpowder":1,"minecraft:spruce_planks":1,"minecraft:andesite":1,"minecraft:wooden_pickaxe":1,"minecraft:stone_pickaxe":1},"minecraft:used":{"minecraft:water_bucket":8,"minecraft:iron_shovel":4,"minecraft:stone_pickaxe":81,"minecraft:stone_shovel":9,"minecraft:rotten_flesh":6,"minecraft:wooden_pickaxe":20,"minecraft:chest":3,"minecraft:spruce_planks":9,"minecraft:shield":54,"minecraft:iron_sword":122,"minecraft:cooked_salmon":13,"minecraft:cooked_chicken":2,"minecraft:iron_chestplate":1,"minecraft:glow_berries":5,"minecraft:torch":15,"minecraft:dirt":28,"minecraft:crafting_table":5,"minecraft:granite":1,"minecraft:spruce_log":3,"minecraft:lava_bucket":14,"minecraft:iron_axe":23,"minecraft:iron_pickaxe":199,"minecraft:stone_axe":33,"minecraft:basalt":61,"minecraft:cobblestone":46,"minecraft:furnace":5,"minecraft:bucket":23,"minecraft:cobbled_deepslate":43},"minecraft:picked_up":{"minecraft:clay_ball":24,"minecraft:crafting_table":7,"minecraft:iron_chestplate":3,"minecraft:coarse_dirt":1,"minecraft:feather":1,"minecraft:basalt":107,"minecraft:chicken":2,"minecraft:glow_ink_sac":6,"minecraft:andesite":4,"minecraft:water_bucket":3,"minecraft:salmon":16,"minecraft:tuff":22,"minecraft:shield":3,"minecraft:gunpowder":1,"minecraft:dirt":87,"minecraft:lapis_lazuli":186,"minecraft:iron_axe":3,"minecraft:cooked_salmon":5,"minecraft:flint_and_steel":5,"minecraft:iron_shovel":3,"minecraft:bone":25,"minecraft:wheat_seeds":3,"minecraft:cobbled_deepslate":68,"minecraft:raw_gold":45,"minecraft:spruce_planks":37,"minecraft:iron_ingot":27,"minecraft:azalea":1,"minecraft:iron_pickaxe":3,"minecraft:moss_block":5,"minecraft:chest":7,"minecraft:iron_sword":3,"minecraft:furnace":7,"minecraft:stick":10,"minecraft:raw_iron":51,"minecraft:torch":1,"minecraft:spruce_log":67,"minecraft:redstone":16,"minecraft:iron_horse_armor":3,"minecraft:arrow":12,"minecraft:rotten_flesh":11,"minecraft:diamond":38,"minecraft:granite":1,"minecraft:saddle":3,"minecraft:gold_ingot":2,"minecraft:blaze_rod":9,"minecraft:glow_berries":5,"minecraft:coal":47,"minecraft:cobblestone":101,"minecraft:ender_pearl":1},"minecraft:crafted":{"minecraft:stone_shovel":1,"minecraft:crafting_table":1,"minecraft:spruce_planks":48,"minecraft:wooden_pickaxe":1,"minecraft:cooked_chicken":2,"minecraft:iron_sword":1,"minecraft:furnace":1,"minecraft:cooked_salmon":11,"minecraft:bucket":1,"minecraft:stone_axe":1,"minecraft:air":0,"minecraft:iron_chestplate":1,"minecraft:shield":1,"minecraft:iron_axe":1,"minecraft:stick":20,"minecraft:iron_ingot":3,"minecraft:iron_pickaxe":1,"minecraft:stone_pickaxe":1,"minecraft:chest":2,"minecraft:iron_shovel":1,"minecraft:torch":16}},"DataVersion":3953}