{"stats":{"minecraft:mined":{"minecraft:tuff":3,"minecraft:spruce_planks":5,"minecraft:deepslate_diamond_ore":22,"minecraft:granite":1,"minecraft:cave_vines_plant":4,"minecraft:grass_block":3,"minecraft:spruce_leaves":1,"minecraft:moss_block":4,"minecraft:hay_block":18,"minecraft:furnace":5,"minecraft:iron_ore":30,"minecraft:fire":4,"minecraft:cobbled_deepslate":6,"minecraft:andesite":24,"minecraft:deepslate_lapis_ore":8,"minecraft:cave_vines":5,"minecraft:deepslate_iron_ore":1,"minecraft:azalea":2,"minecraft:stone":76,"minecraft:podzol":4,"minecraft:basalt":65,"minecraft:crafting_table":6,"minecraft:clay":14,"minecraft:torch":1,"minecraft:short_grass":5,"minecraft:chest":3,"minecraft:cobblestone":9,"minecraft:deepslate_coal_ore":3,"minecraft:lapis_ore":5,"minecraft:deepslate_gold_ore":15,"minecraft:diorite":7,"minecraft:coarse_dirt":1,"minecraft:spruce_log":26,"minecraft:coal_ore":12,"minecraft:dirt":48,"minecraft:stonecutter":1,"minecraft:small_dripleaf":1,"minecraft:deepslate":40,"minecraft:fern":2},"minecraft:custom":{"minecraft:mob_kills":50,"minecraft:interact_with_crafting_table":9,"minecraft:leave_game":3,"minecraft:time_since_death":23591,"minecraft:climb_one_cm":1235,"minecraft:sprint_one_cm":205688,"minecraft:walk_one_cm":248379,"minecraft:damage_blocked_by_shield":1380,"minecraft:drop":18,"minecraft:play_time":91006,"minecraft:deaths":3,"minecraft:sneak_time":6699,"minecraft:walk_under_water_one_cm":22759,"minecraft:boat_one_cm":233844,"minecraft:jump":1463,"minecraft:walk_on_water_one_cm":41298,"minecraft:total_world_time":91006,"minecraft:interact_with_furnace":21,"minecraft:time_since_rest":23625,"minecraft:damage_taken":2040,"minecraft:damage_dealt":7184,"minecraft:swim_one_cm":21620,"minecraft:fly_one_cm":146684,"minecraft:open_chest":10,"minecraft:crouch_one_cm":19288,"minecraft:fall_one_cm":40629},"minecraft:killed_by":{"minecraft:blaze":1,"minecraft:zombie":2},"minecraft:killed":{"minecraft:skeleton":6,"minecraft:chicken":2,"minecraft:drowned":1,"minecraft:zombie_villager":1,"minecraft:salmon":16,"minecraft:creeper":2,"minecraft:zombie":13,"minecraft:wither_skeleton":4,"minecraft:blaze":4,"minecraft:enderman":1},"minecraft:dropped":{"minecraft:wheat_seeds":2,"minecraft:feather":1,"minecraft:stick":3,"minecraft:stone_axe":1,"minecraft:coarse_dirt":1,"minecraft:stone_shovel":1,"minecraft:rotten_flesh":2,"minecraft:flint_and_steel":1,"minecraft:gunpowder":1,"minecraft:spruce_planks":1,"minecraft:andesite":2,"minecraft:stone_pickaxe":1,"minecraft:wooden_pickaxe":1},"minecraft:used":{"minecraft:iron_shovel":52,"minecraft:stone_shovel":9,"minecraft:spruce_planks":9,"minecraft:chest":3,"minecraft:shield":54,"minecraft:iron_sword":122,"minecraft:cooked_salmon":13,"minecraft:cooked_chicken":2,"minecraft:rotten_flesh":6,"minecraft:iron_chestplate":1,"minecraft:torch":15,"minecraft:dirt":28,"minecraft:tuff":11,"minecraft:granite":1,"minecraft:spruce_boat":2,"minecraft:lava_bucket":14,"minecraft:iron_axe":24,"minecraft:basalt":61,"minecraft:furnace":5,"minecraft:cobbled_deepslate":43,"minecraft:water_bucket":8,"minecraft:stone_pickaxe":81,"minecraft:wooden_pickaxe":20,"minecraft:glow_berries":5,"minecraft:crafting_table":6,"minecraft:spruce_log":3,"minecraft:iron_pickaxe":245,"minecraft:stone_axe":33,"minecraft:cobblestone":55,"minecraft:cooked_porkchop":2,"minecraft:bucket":23,"minecraft:andesite":22},"minecraft:picked_up":{"minecraft:coarse_dirt":1,"minecraft:iron_chestplate":3,"minecraft:crafting_table":8,"minecraft:chicken":2,"minecraft:clay_ball":56,"minecraft:shield":3,"minecraft:iron_axe":3,"minecraft:cooked_salmon":5,"minecraft:flint_and_steel":6,"minecraft:iron_shovel":3,"minecraft:cobbled_deepslate":68,"minecraft:spruce_planks":37,"minecraft:azalea":1,"minecraft:iron_pickaxe":3,"minecraft:chest":7,"minecraft:furnace":7,"minecraft:raw_iron":51,"minecraft:stick":10,"minecraft:torch":1,"minecraft:diorite":7,"minecraft:redstone":16,"minecraft:iron_horse_armor":3,"minecraft:arrow":12,"minecraft:rotten_flesh":11,"minecraft:hay_block":18,"minecraft:saddle":3,"minecraft:gold_ingot":2,"minecraft:blaze_rod":9,"minecraft:glow_berries":5,"minecraft:cobblestone":119,"minecraft:feather":1,"minecraft:basalt":107,"minecraft:salmon":16,"minecraft:glow_ink_sac":6,"minecraft:water_bucket":3,"minecraft:andesite":24,"minecraft:tuff":22,"minecraft:gunpowder":1,"minecraft:lapis_lazuli":186,"minecraft:dirt":125,"minecraft:bone":25,"minecraft:stonecutter":1,"minecraft:wheat_seeds":3,"minecraft:raw_gold":45,"minecraft:iron_ingot":27,"minecraft:moss_block":5,"minecraft:iron_sword":3,"minecraft:cooked_porkchop":5,"minecraft:spruce_log":67,"minecraft:diamond":38,"minecraft:spruce_boat":1,"minecraft:granite":1,"minecraft:coal":47,"minecraft:ender_pearl":1},"minecraft:crafted":{"minecraft:stone_shovel":1,"minecraft:cooked_chicken":2,"minecraft:furnace":1,"minecraft:iron_axe":1,"minecraft:stone_pickaxe":1,"minecraft:chest":2,"minecraft:spruce_boat":1,"minecraft:crafting_table":1,"minecraft:spruce_planks":56,"minecraft:wooden_pickaxe":1,"minecraft:iron_sword":1,"minecraft:cooked_salmon":11,"minecraft:bucket":1,"minecraft:stone_axe":1,"minecraft:air":0,"minecraft:iron_chestplate":1,"minecraft:shield":1,"minecraft:stick":20,"minecraft:iron_ingot":3,"minecraft:iron_pickaxe":1,"minecraft:iron_shovel":1,"minecraft:torch":16}},"DataVersion":3953}