{"stats":{"minecraft:mined":{"minecraft:yellow_terracotta":3,"minecraft:tuff":47,"minecraft:spruce_planks":5,"minecraft:deepslate_diamond_ore":30,"minecraft:cave_vines_plant":4,"minecraft:granite":14,"minecraft:red_sand":14,"minecraft:grass_block":6,"minecraft:spruce_leaves":1,"minecraft:moss_block":4,"minecraft:sandstone":16,"minecraft:hay_block":18,"minecraft:furnace":5,"minecraft:iron_ore":39,"minecraft:cobbled_deepslate":6,"minecraft:fire":4,"minecraft:andesite":26,"minecraft:deepslate_lapis_ore":8,"minecraft:white_glazed_terracotta":1,"minecraft:cave_vines":5,"minecraft:deepslate_iron_ore":9,"minecraft:azalea":2,"minecraft:stone":168,"minecraft:podzol":4,"minecraft:deepslate_redstone_ore":11,"minecraft:cut_sandstone":4,"minecraft:orange_terracotta":31,"minecraft:basalt":65,"minecraft:smooth_sandstone":22,"minecraft:clay":15,"minecraft:crafting_table":6,"minecraft:torch":1,"minecraft:light_gray_terracotta":3,"minecraft:short_grass":5,"minecraft:chest":3,"minecraft:cobblestone":9,"minecraft:deepslate_coal_ore":3,"minecraft:lapis_ore":5,"minecraft:deepslate_gold_ore":25,"minecraft:diorite":14,"minecraft:wall_torch":1,"minecraft:white_terracotta":3,"minecraft:coarse_dirt":1,"minecraft:spruce_log":26,"minecraft:coal_ore":37,"minecraft:gravel":25,"minecraft:lime_terracotta":4,"minecraft:sand":4,"minecraft:dirt":52,"minecraft:brown_terracotta":1,"minecraft:terracotta":19,"minecraft:stonecutter":1,"minecraft:small_dripleaf":1,"minecraft:gold_ore":1,"minecraft:deepslate":262,"minecraft:fern":2},"minecraft:custom":{"minecraft:mob_kills":66,"minecraft:interact_with_crafting_table":14,"minecraft:leave_game":4,"minecraft:time_since_death":55087,"minecraft:climb_one_cm":1235,"minecraft:sprint_one_cm":283771,"minecraft:walk_one_cm":317667,"minecraft:damage_blocked_by_shield":1585,"minecraft:drop":18,"minecraft:play_time":122502,"minecraft:sneak_time":8232,"minecraft:deaths":3,"minecraft:walk_under_water_one_cm":24623,"minecraft:boat_one_cm":233844,"minecraft:jump":1896,"minecraft:walk_on_water_one_cm":42708,"minecraft:total_world_time":122502,"minecraft:interact_with_furnace":23,"minecraft:time_since_rest":55121,"minecraft:damage_taken":2335,"minecraft:damage_dealt":11042,"minecraft:swim_one_cm":21620,"minecraft:fly_one_cm":191708,"minecraft:open_chest":25,"minecraft:crouch_one_cm":24909,"minecraft:fall_one_cm":46087},"minecraft:killed_by":{"minecraft:blaze":1,"minecraft:zombie":2},"minecraft:killed":{"minecraft:spider":1,"minecraft:skeleton":7,"minecraft:chicken":2,"minecraft:drowned":1,"minecraft:zombie_villager":1,"minecraft:salmon":16,"minecraft:iron_golem":1,"minecraft:creeper":2,"minecraft:zombie":26,"minecraft:wither_skeleton":4,"minecraft:enderman":1,"minecraft:blaze":4},"minecraft:dropped":{"minecraft:wheat_seeds":2,"minecraft:feather":1,"minecraft:stick":3,"minecraft:stone_axe":1,"minecraft:coarse_dirt":1,"minecraft:stone_shovel":1,"minecraft:rotten_flesh":2,"minecraft:flint_and_steel":1,"minecraft:gunpowder":1,"minecraft:spruce_planks":1,"minecraft:andesite":2,"minecraft:wooden_pickaxe":1,"minecraft:stone_pickaxe":1},"minecraft:used":{"minecraft:red_sand":7,"minecraft:iron_shovel":96,"minecraft:stone_shovel":9,"minecraft:chest":5,"minecraft:spruce_planks":9,"minecraft:shield":68,"minecraft:iron_sword":195,"minecraft:cooked_salmon":13,"minecraft:cooked_chicken":2,"minecraft:rotten_flesh":6,"minecraft:iron_chestplate":1,"minecraft:torch":18,"minecraft:dirt":28,"minecraft:tuff":11,"minecraft:granite":1,"minecraft:spruce_boat":2,"minecraft:lava_bucket":14,"minecraft:iron_axe":24,"minecraft:smooth_sandstone":10,"minecraft:basalt":61,"minecraft:furnace":6,"minecraft:cobbled_deepslate":43,"minecraft:orange_terracotta":31,"minecraft:water_bucket":8,"minecraft:stone_pickaxe":81,"minecraft:wooden_pickaxe":20,"minecraft:cut_sandstone":1,"minecraft:glow_berries":5,"minecraft:lime_terracotta":1,"minecraft:sand":1,"minecraft:crafting_table":7,"minecraft:spruce_log":3,"minecraft:diamond_pickaxe":310,"minecraft:bread":6,"minecraft:iron_pickaxe":500,"minecraft:stone_axe":33,"minecraft:cobblestone":65,"minecraft:cooked_porkchop":3,"minecraft:andesite":22,"minecraft:bucket":23},"minecraft:broken":{"minecraft:iron_pickaxe":2},"minecraft:picked_up":{"minecraft:crafting_table":8,"minecraft:iron_chestplate":3,"minecraft:coarse_dirt":1,"minecraft:wheat":2,"minecraft:chicken":2,"minecraft:clay_ball":60,"minecraft:shield":3,"minecraft:string":4,"minecraft:iron_axe":3,"minecraft:cooked_salmon":5,"minecraft:flint_and_steel":6,"minecraft:iron_shovel":3,"minecraft:red_sand":14,"minecraft:cobbled_deepslate":293,"minecraft:spruce_planks":37,"minecraft:azalea":1,"minecraft:iron_pickaxe":3,"minecraft:chest":7,"minecraft:furnace":7,"minecraft:white_glazed_terracotta":1,"minecraft:stick":12,"minecraft:raw_iron":68,"minecraft:sandstone":16,"minecraft:brown_terracotta":1,"minecraft:torch":4,"minecraft:diorite":13,"minecraft:redstone":64,"minecraft:iron_horse_armor":4,"minecraft:arrow":14,"minecraft:rotten_flesh":26,"minecraft:hay_block":18,"minecraft:yellow_terracotta":3,"minecraft:saddle":3,"minecraft:gold_ingot":2,"minecraft:white_terracotta":3,"minecraft:blaze_rod":9,"minecraft:glow_berries":5,"minecraft:cobblestone":213,"minecraft:basalt":107,"minecraft:feather":1,"minecraft:andesite":26,"minecraft:glow_ink_sac":6,"minecraft:water_bucket":3,"minecraft:salmon":16,"minecraft:cut_sandstone":3,"minecraft:flint":5,"minecraft:tuff":66,"minecraft:gunpowder":1,"minecraft:lapis_lazuli":186,"minecraft:dirt":131,"minecraft:orange_terracotta":31,"minecraft:smooth_sandstone":19,"minecraft:bone":27,"minecraft:stonecutter":1,"minecraft:wheat_seeds":3,"minecraft:raw_gold":56,"minecraft:iron_ingot":30,"minecraft:moss_block":5,"minecraft:iron_sword":3,"minecraft:cooked_porkchop":5,"minecraft:lime_terracotta":4,"minecraft:gravel":21,"minecraft:sand":4,"minecraft:spruce_log":67,"minecraft:mossy_cobblestone":2,"minecraft:light_gray_terracotta":3,"minecraft:pumpkin_seeds":2,"minecraft:diamond":46,"minecraft:spruce_boat":1,"minecraft:granite":14,"minecraft:bread":1,"minecraft:terracotta":19,"minecraft:coal":74,"minecraft:ender_pearl":1},"minecraft:crafted":{"minecraft:stone_shovel":1,"minecraft:cooked_chicken":2,"minecraft:furnace":1,"minecraft:diamond_leggings":1,"minecraft:iron_axe":1,"minecraft:stone_pickaxe":1,"minecraft:chest":2,"minecraft:diamond_boots":1,"minecraft:spruce_boat":1,"minecraft:wheat":162,"minecraft:diamond_sword":1,"minecraft:crafting_table":1,"minecraft:spruce_planks":96,"minecraft:iron_helmet":1,"minecraft:wooden_pickaxe":1,"minecraft:iron_sword":1,"minecraft:cooked_salmon":11,"minecraft:bucket":1,"minecraft:stone_axe":1,"minecraft:bread":54,"minecraft:air":0,"minecraft:iron_chestplate":1,"minecraft:diamond_pickaxe":1,"minecraft:shield":1,"minecraft:stick":32,"minecraft:iron_ingot":13,"minecraft:iron_pickaxe":2,"minecraft:iron_shovel":1,"minecraft:iron_leggings":1,"minecraft:torch":16,"minecraft:diamond_chestplate":1}},"DataVersion":3953}