{"stats":{"minecraft:crafted":{"minecraft:stone_shovel":1,"minecraft:crafting_table":1,"minecraft:spruce_planks":48,"minecraft:wooden_pickaxe":1,"minecraft:cooked_chicken":2,"minecraft:iron_sword":1,"minecraft:furnace":1,"minecraft:cooked_salmon":7,"minecraft:bucket":1,"minecraft:stone_axe":1,"minecraft:air":0,"minecraft:iron_chestplate":1,"minecraft:shield":1,"minecraft:iron_axe":1,"minecraft:stick":20,"minecraft:iron_ingot":3,"minecraft:iron_pickaxe":1,"minecraft:stone_pickaxe":1,"minecraft:chest":2,"minecraft:iron_shovel":1,"minecraft:torch":16},"minecraft:custom":{"minecraft:interact_with_furnace":18,"minecraft:mob_kills":32,"minecraft:interact_with_crafting_table":8,"minecraft:leave_game":2,"minecraft:time_since_death":12117,"minecraft:climb_one_cm":248,"minecraft:time_since_rest":12142,"minecraft:sprint_one_cm":120332,"minecraft:damage_taken":736,"minecraft:walk_one_cm":156672,"minecraft:damage_blocked_by_shield":405,"minecraft:drop":12,"minecraft:damage_dealt":3406,"minecraft:swim_one_cm":20772,"minecraft:fly_one_cm":74780,"minecraft:open_chest":7,"minecraft:crouch_one_cm":8063,"minecraft:play_time":41287,"minecraft:deaths":1,"minecraft:sneak_time":2229,"minecraft:walk_under_water_one_cm":21336,"minecraft:jump":728,"minecraft:walk_on_water_one_cm":17515,"minecraft:total_world_time":41287,"minecraft:fall_one_cm":12766},"minecraft:picked_up":{"minecraft:crafting_table":4,"minecraft:iron_chestplate":1,"minecraft:coarse_dirt":1,"minecraft:feather":1,"minecraft:basalt":84,"minecraft:chicken":2,"minecraft:andesite":1,"minecraft:water_bucket":1,"minecraft:salmon":16,"minecraft:shield":1,"minecraft:gunpowder":1,"minecraft:dirt":43,"minecraft:lapis_lazuli":36,"minecraft:iron_axe":1,"minecraft:cooked_salmon":5,"minecraft:iron_shovel":1,"minecraft:bone":3,"minecraft:spruce_planks":37,"minecraft:iron_ingot":18,"minecraft:iron_pickaxe":1,"minecraft:chest":1,"minecraft:iron_sword":1,"minecraft:furnace":4,"minecraft:stick":4,"minecraft:raw_iron":21,"minecraft:torch":1,"minecraft:spruce_log":40,"minecraft:rotten_flesh":2,"minecraft:granite":1,"minecraft:blaze_rod":3,"minecraft:coal":33,"minecraft:cobblestone":81},"minecraft:mined":{"minecraft:podzol":1,"minecraft:spruce_planks":5,"minecraft:basalt":65,"minecraft:crafting_table":4,"minecraft:torch":1,"minecraft:granite":1,"minecraft:grass_block":3,"minecraft:chest":1,"minecraft:cobblestone":9,"minecraft:deepslate_coal_ore":3,"minecraft:spruce_leaves":1,"minecraft:lapis_ore":5,"minecraft:coarse_dirt":1,"minecraft:furnace":4,"minecraft:iron_ore":20,"minecraft:fire":4,"minecraft:spruce_log":23,"minecraft:andesite":1,"minecraft:coal_ore":12,"minecraft:deepslate_iron_ore":1,"minecraft:dirt":7,"minecraft:stone":42,"minecraft:fern":1},"minecraft:killed_by":{"minecraft:blaze":1},"minecraft:dropped":{"minecraft:stone_axe":1,"minecraft:coarse_dirt":1,"minecraft:rotten_flesh":2,"minecraft:stone_shovel":1,"minecraft:feather":1,"minecraft:stick":1,"minecraft:gunpowder":1,"minecraft:spruce_planks":1,"minecraft:andesite":1,"minecraft:wooden_pickaxe":1,"minecraft:stone_pickaxe":1},"minecraft:killed":{"minecraft:salmon":16,"minecraft:zombie":5,"minecraft:chicken":2,"minecraft:drowned":1,"minecraft:wither_skeleton":4,"minecraft:blaze":4},"minecraft:used":{"minecraft:water_bucket":7,"minecraft:stone_pickaxe":81,"minecraft:stone_shovel":9,"minecraft:chest":3,"minecraft:wooden_pickaxe":20,"minecraft:spruce_planks":9,"minecraft:shield":6,"minecraft:iron_sword":46,"minecraft:cooked_salmon":5,"minecraft:cooked_chicken":2,"minecraft:iron_chestplate":1,"minecraft:torch":15,"minecraft:dirt":6,"minecraft:crafting_table":5,"minecraft:granite":1,"minecraft:lava_bucket":14,"minecraft:iron_axe":17,"minecraft:iron_pickaxe":68,"minecraft:stone_axe":33,"minecraft:basalt":38,"minecraft:cobblestone":40,"minecraft:furnace":5,"minecraft:bucket":22}},"DataVersion":3953}