{"stats":{"minecraft:broken":{"minecraft:iron_pickaxe":2},"minecraft:killed_by":{"minecraft:blaze":1,"minecraft:zombie":2},"minecraft:mined":{"minecraft:yellow_terracotta":3,"minecraft:tuff":50,"minecraft:spruce_planks":5,"minecraft:deepslate_diamond_ore":30,"minecraft:obsidian":15,"minecraft:cave_vines_plant":4,"minecraft:granite":14,"minecraft:red_sand":14,"minecraft:grass_block":6,"minecraft:soul_soil":1,"minecraft:spruce_leaves":1,"minecraft:moss_block":4,"minecraft:sandstone":16,"minecraft:hay_block":18,"minecraft:furnace":5,"minecraft:iron_ore":39,"minecraft:cobbled_deepslate":14,"minecraft:fire":4,"minecraft:andesite":26,"minecraft:deepslate_lapis_ore":8,"minecraft:white_glazed_terracotta":1,"minecraft:cave_vines":5,"minecraft:deepslate_iron_ore":10,"minecraft:azalea":2,"minecraft:stone":168,"minecraft:bone_block":14,"minecraft:podzol":4,"minecraft:deepslate_redstone_ore":21,"minecraft:cut_sandstone":4,"minecraft:soul_sand":2,"minecraft:soul_fire":1,"minecraft:orange_terracotta":31,"minecraft:basalt":68,"minecraft:clay":15,"minecraft:smooth_sandstone":30,"minecraft:crafting_table":6,"minecraft:torch":3,"minecraft:light_gray_terracotta":3,"minecraft:short_grass":5,"minecraft:chest":3,"minecraft:cobblestone":10,"minecraft:deepslate_coal_ore":3,"minecraft:deepslate_gold_ore":34,"minecraft:lapis_ore":5,"minecraft:diorite":14,"minecraft:smooth_sandstone_slab":6,"minecraft:wall_torch":3,"minecraft:white_terracotta":3,"minecraft:coarse_dirt":1,"minecraft:spruce_log":26,"minecraft:coal_ore":37,"minecraft:lime_terracotta":4,"minecraft:gravel":37,"minecraft:dirt":52,"minecraft:sand":4,"minecraft:brown_terracotta":1,"minecraft:terracotta":19,"minecraft:stonecutter":1,"minecraft:small_dripleaf":1,"minecraft:netherrack":37,"minecraft:gold_ore":1,"minecraft:deepslate":514,"minecraft:fern":2},"minecraft:dropped":{"minecraft:iron_sword":1,"minecraft:wheat_seeds":2,"minecraft:feather":1,"minecraft:stick":4,"minecraft:sand":12,"minecraft:stone_axe":1,"minecraft:coarse_dirt":1,"minecraft:stone_shovel":1,"minecraft:rotten_flesh":2,"minecraft:flint_and_steel":1,"minecraft:diamond_sword":1,"minecraft:gunpowder":1,"minecraft:orange_terracotta":1,"minecraft:spruce_planks":5,"minecraft:diamond_pickaxe":1,"minecraft:andesite":2,"minecraft:stone_pickaxe":1,"minecraft:wooden_pickaxe":1},"minecraft:killed":{"minecraft:spider":2,"minecraft:skeleton":10,"minecraft:chicken":2,"minecraft:drowned":1,"minecraft:zombie_villager":1,"minecraft:salmon":16,"minecraft:iron_golem":1,"minecraft:creeper":2,"minecraft:zombie":26,"minecraft:wither_skeleton":4,"minecraft:enderman":2,"minecraft:blaze":4},"minecraft:custom":{"minecraft:mob_kills":72,"minecraft:interact_with_crafting_table":19,"minecraft:leave_game":5,"minecraft:time_since_death":90881,"minecraft:climb_one_cm":1235,"minecraft:sprint_one_cm":373630,"minecraft:walk_one_cm":370489,"minecraft:damage_blocked_by_shield":1860,"minecraft:drop":25,"minecraft:play_time":158296,"minecraft:sneak_time":14102,"minecraft:deaths":3,"minecraft:walk_under_water_one_cm":25003,"minecraft:boat_one_cm":233844,"minecraft:jump":2388,"minecraft:walk_on_water_one_cm":49090,"minecraft:total_world_time":158296,"minecraft:interact_with_furnace":31,"minecraft:sleep_in_bed":1,"minecraft:time_since_rest":1166,"minecraft:damage_taken":2590,"minecraft:damage_dealt":12250,"minecraft:swim_one_cm":21620,"minecraft:fly_one_cm":238862,"minecraft:open_chest":48,"minecraft:crouch_one_cm":38662,"minecraft:fall_one_cm":53837},"minecraft:crafted":{"minecraft:stone_shovel":1,"minecraft:blaze_powder":2,"minecraft:cooked_chicken":2,"minecraft:furnace":1,"minecraft:flint_and_steel":1,"minecraft:diamond_helmet":1,"minecraft:diamond_leggings":1,"minecraft:iron_axe":1,"minecraft:stone_pickaxe":1,"minecraft:chest":4,"minecraft:diamond_boots":1,"minecraft:spruce_boat":1,"minecraft:ender_eye":2,"minecraft:wheat":162,"minecraft:diamond_sword":1,"minecraft:diamond_axe":1,"minecraft:crafting_table":1,"minecraft:spruce_planks":96,"minecraft:iron_helmet":1,"minecraft:wooden_pickaxe":1,"minecraft:iron_sword":1,"minecraft:cooked_salmon":11,"minecraft:bucket":1,"minecraft:stone_axe":1,"minecraft:air":0,"minecraft:bread":54,"minecraft:iron_chestplate":1,"minecraft:diamond_pickaxe":1,"minecraft:shield":1,"minecraft:stick":48,"minecraft:iron_ingot":21,"minecraft:iron_pickaxe":2,"minecraft:iron_shovel":1,"minecraft:iron_leggings":1,"minecraft:torch":80,"minecraft:diamond_chestplate":1},"minecraft:used":{"minecraft:red_sand":7,"minecraft:iron_shovel":104,"minecraft:flint_and_steel":2,"minecraft:stone_shovel":9,"minecraft:chest":7,"minecraft:spruce_planks":9,"minecraft:shield":77,"minecraft:iron_sword":195,"minecraft:cooked_salmon":13,"minecraft:cooked_chicken":2,"minecraft:rotten_flesh":6,"minecraft:netherrack":14,"minecraft:iron_chestplate":1,"minecraft:torch":63,"minecraft:dirt":28,"minecraft:tuff":11,"minecraft:granite":1,"minecraft:obsidian":10,"minecraft:spruce_boat":2,"minecraft:lava_bucket":22,"minecraft:iron_axe":24,"minecraft:smooth_sandstone":10,"minecraft:basalt":61,"minecraft:soul_soil":1,"minecraft:furnace":6,"minecraft:orange_terracotta":31,"minecraft:cobbled_deepslate":86,"minecraft:water_bucket":13,"minecraft:stone_pickaxe":81,"minecraft:wooden_pickaxe":20,"minecraft:cut_sandstone":1,"minecraft:glow_berries":5,"minecraft:lime_terracotta":1,"minecraft:sand":1,"minecraft:crafting_table":7,"minecraft:spruce_log":3,"minecraft:diamond_pickaxe":680,"minecraft:ender_eye":1,"minecraft:bread":15,"minecraft:iron_pickaxe":500,"minecraft:gravel":10,"minecraft:stone_axe":33,"minecraft:diamond_sword":19,"minecraft:cobblestone":65,"minecraft:cooked_porkchop":3,"minecraft:andesite":22,"minecraft:bucket":36},"minecraft:picked_up":{"minecraft:crafting_table":9,"minecraft:iron_chestplate":3,"minecraft:coarse_dirt":1,"minecraft:wheat":2,"minecraft:chicken":2,"minecraft:clay_ball":60,"minecraft:diamond_sword":1,"minecraft:shield":3,"minecraft:string":4,"minecraft:soul_soil":1,"minecraft:iron_axe":3,"minecraft:cooked_salmon":5,"minecraft:flint_and_steel":6,"minecraft:iron_shovel":3,"minecraft:red_sand":14,"minecraft:cobbled_deepslate":545,"minecraft:spruce_planks":41,"minecraft:azalea":1,"minecraft:iron_pickaxe":3,"minecraft:melon_slice":1,"minecraft:chest":7,"minecraft:furnace":8,"minecraft:white_glazed_terracotta":1,"minecraft:stick":13,"minecraft:raw_iron":69,"minecraft:sandstone":16,"minecraft:brown_terracotta":1,"minecraft:torch":10,"minecraft:diorite":13,"minecraft:redstone":108,"minecraft:iron_horse_armor":4,"minecraft:smooth_sandstone_slab":2,"minecraft:arrow":18,"minecraft:rotten_flesh":26,"minecraft:hay_block":18,"minecraft:yellow_terracotta":3,"minecraft:saddle":3,"minecraft:gold_ingot":2,"minecraft:white_terracotta":3,"minecraft:blaze_rod":9,"minecraft:glow_berries":5,"minecraft:obsidian":14,"minecraft:mutton":3,"minecraft:bone_block":13,"minecraft:white_wool":2,"minecraft:cobblestone":213,"minecraft:feather":1,"minecraft:basalt":110,"minecraft:andesite":26,"minecraft:glow_ink_sac":6,"minecraft:water_bucket":3,"minecraft:salmon":16,"minecraft:cut_sandstone":3,"minecraft:flint":6,"minecraft:tuff":68,"minecraft:gunpowder":1,"minecraft:lapis_lazuli":186,"minecraft:dirt":131,"minecraft:orange_terracotta":32,"minecraft:smooth_sandstone":24,"minecraft:bone":33,"minecraft:stonecutter":1,"minecraft:bow":1,"minecraft:wheat_seeds":3,"minecraft:raw_gold":65,"minecraft:iron_ingot":30,"minecraft:stone_pickaxe":1,"minecraft:moss_block":5,"minecraft:iron_sword":3,"minecraft:soul_sand":2,"minecraft:cooked_porkchop":5,"minecraft:lime_terracotta":4,"minecraft:gravel":32,"minecraft:sand":16,"minecraft:spruce_log":93,"minecraft:spider_eye":1,"minecraft:mossy_cobblestone":2,"minecraft:light_gray_terracotta":3,"minecraft:pumpkin_seeds":2,"minecraft:diamond":46,"minecraft:spruce_boat":1,"minecraft:granite":14,"minecraft:bread":1,"minecraft:terracotta":19,"minecraft:netherrack":37,"minecraft:coal":93,"minecraft:ender_pearl":2,"minecraft:diamond_pickaxe":1}},"DataVersion":3953}