{"stats":{"minecraft:crafted":{"minecraft:stone_shovel":1,"minecraft:crafting_table":1,"minecraft:spruce_planks":32,"minecraft:wooden_pickaxe":1,"minecraft:cooked_chicken":2,"minecraft:furnace":1,"minecraft:cooked_salmon":2,"minecraft:bucket":1,"minecraft:stone_axe":1,"minecraft:air":0,"minecraft:stick":12,"minecraft:iron_ingot":3,"minecraft:stone_pickaxe":1,"minecraft:torch":16},"minecraft:custom":{"minecraft:interact_with_furnace":12,"minecraft:mob_kills":12,"minecraft:interact_with_crafting_table":6,"minecraft:time_since_death":21034,"minecraft:climb_one_cm":248,"minecraft:time_since_rest":21034,"minecraft:sprint_one_cm":54629,"minecraft:damage_taken":320,"minecraft:walk_one_cm":50862,"minecraft:drop":5,"minecraft:damage_dealt":1002,"minecraft:swim_one_cm":20772,"minecraft:fly_one_cm":38650,"minecraft:crouch_one_cm":1262,"minecraft:play_time":21034,"minecraft:sneak_time":438,"minecraft:walk_under_water_one_cm":7456,"minecraft:jump":468,"minecraft:walk_on_water_one_cm":13677,"minecraft:total_world_time":21034,"minecraft:fall_one_cm":8763},"minecraft:picked_up":{"minecraft:crafting_table":3,"minecraft:coarse_dirt":1,"minecraft:feather":1,"minecraft:chicken":2,"minecraft:salmon":7,"minecraft:andesite":1,"minecraft:gunpowder":1,"minecraft:lapis_lazuli":36,"minecraft:dirt":21,"minecraft:cooked_salmon":5,"minecraft:spruce_planks":32,"minecraft:furnace":3,"minecraft:raw_iron":21,"minecraft:torch":1,"minecraft:spruce_log":8,"minecraft:rotten_flesh":1,"minecraft:granite":1,"minecraft:coal":17,"minecraft:cobblestone":48},"minecraft:mined":{"minecraft:podzol":1,"minecraft:torch":1,"minecraft:crafting_table":3,"minecraft:granite":1,"minecraft:grass_block":3,"minecraft:cobblestone":5,"minecraft:deepslate_coal_ore":3,"minecraft:spruce_leaves":1,"minecraft:lapis_ore":5,"minecraft:coarse_dirt":1,"minecraft:furnace":3,"minecraft:iron_ore":20,"minecraft:fire":3,"minecraft:spruce_log":7,"minecraft:andesite":1,"minecraft:coal_ore":12,"minecraft:deepslate_iron_ore":1,"minecraft:dirt":2,"minecraft:stone":40},"minecraft:dropped":{"minecraft:coarse_dirt":1,"minecraft:feather":1,"minecraft:rotten_flesh":1,"minecraft:andesite":1,"minecraft:wooden_pickaxe":1},"minecraft:killed":{"minecraft:salmon":7,"minecraft:zombie":2,"minecraft:chicken":2,"minecraft:drowned":1},"minecraft:used":{"minecraft:water_bucket":4,"minecraft:stone_pickaxe":76,"minecraft:stone_shovel":6,"minecraft:wooden_pickaxe":20,"minecraft:cooked_salmon":3,"minecraft:cooked_chicken":2,"minecraft:torch":15,"minecraft:dirt":5,"minecraft:crafting_table":4,"minecraft:granite":1,"minecraft:lava_bucket":8,"minecraft:stone_axe":27,"minecraft:cobblestone":10,"minecraft:furnace":4,"minecraft:bucket":12}},"DataVersion":3953}