{"stats":{"minecraft:broken":{"minecraft:iron_pickaxe":2},"minecraft:killed_by":{"minecraft:blaze":1,"minecraft:zombie":2},"minecraft:mined":{"minecraft:spruce_planks":8,"minecraft:budding_amethyst":1,"minecraft:obsidian":15,"minecraft:cave_vines_plant":4,"minecraft:granite":14,"minecraft:red_sand":14,"minecraft:grass_block":6,"minecraft:soul_soil":1,"minecraft:chiseled_tuff_bricks":3,"minecraft:composter":2,"minecraft:tuff_bricks":22,"minecraft:iron_ore":39,"minecraft:fire":4,"minecraft:cobbled_deepslate":18,"minecraft:polished_tuff":1,"minecraft:deepslate_lapis_ore":8,"minecraft:cave_vines":5,"minecraft:flowering_azalea_leaves":31,"minecraft:azalea_leaves":95,"minecraft:azalea":6,"minecraft:green_bed":1,"minecraft:deepslate_redstone_ore":21,"minecraft:cut_sandstone":28,"minecraft:melon_stem":1,"minecraft:soul_fire":1,"minecraft:orange_terracotta":31,"minecraft:powder_snow":38,"minecraft:light_gray_terracotta":3,"minecraft:clay":15,"minecraft:torch":3,"minecraft:calcite":2,"minecraft:melon":1,"minecraft:chest":5,"minecraft:dead_bush":1,"minecraft:cobblestone":11,"minecraft:cyan_bed":4,"minecraft:oak_planks":3,"minecraft:sugar_cane":6,"minecraft:bricks":2,"minecraft:wall_torch":4,"minecraft:smooth_sandstone_slab":20,"minecraft:white_terracotta":3,"minecraft:waxed_copper_block":3,"minecraft:oak_log":134,"minecraft:lime_terracotta":4,"minecraft:sand":49,"minecraft:dirt":52,"minecraft:smooth_basalt":2,"minecraft:stonecutter":1,"minecraft:netherrack":37,"minecraft:deepslate":550,"minecraft:yellow_terracotta":3,"minecraft:tuff":50,"minecraft:deepslate_diamond_ore":30,"minecraft:decorated_pot":27,"minecraft:spruce_leaves":1,"minecraft:moss_block":4,"minecraft:cartography_table":1,"minecraft:sandstone":16,"minecraft:hay_block":18,"minecraft:furnace":5,"minecraft:waxed_copper_grate":8,"minecraft:andesite":26,"minecraft:white_glazed_terracotta":1,"minecraft:bell":2,"minecraft:potatoes":25,"minecraft:deepslate_iron_ore":10,"minecraft:stone":173,"minecraft:bone_block":14,"minecraft:podzol":4,"minecraft:soul_sand":2,"minecraft:basalt":68,"minecraft:smooth_sandstone":58,"minecraft:crafting_table":9,"minecraft:short_grass":5,"minecraft:lectern":27,"minecraft:deepslate_coal_ore":3,"minecraft:lapis_ore":5,"minecraft:deepslate_gold_ore":34,"minecraft:diorite":14,"minecraft:lime_bed":6,"minecraft:coarse_dirt":1,"minecraft:waxed_oxidized_copper_grate":4,"minecraft:sea_pickle":2,"minecraft:spruce_log":26,"minecraft:coal_ore":37,"minecraft:gravel":37,"minecraft:flower_pot":1,"minecraft:brown_terracotta":1,"minecraft:terracotta":22,"minecraft:small_dripleaf":1,"minecraft:gold_ore":1,"minecraft:fern":2},"minecraft:dropped":{"minecraft:guster_pottery_sherd":1,"minecraft:iron_sword":1,"minecraft:diamond_axe":1,"minecraft:crafting_table":3,"minecraft:sand":12,"minecraft:bone":9,"minecraft:stone_axe":1,"minecraft:emerald_block":1,"minecraft:cobbled_deepslate":9,"minecraft:rotten_flesh":2,"minecraft:oak_planks":29,"minecraft:tipped_arrow":1,"minecraft:gunpowder":1,"minecraft:arrow":2,"minecraft:golden_boots":1,"minecraft:bread":35,"minecraft:wheat_seeds":2,"minecraft:feather":1,"minecraft:cobblestone":6,"minecraft:waxed_copper_grate":4,"minecraft:stick":4,"minecraft:tuff_bricks":17,"minecraft:coarse_dirt":1,"minecraft:stone_shovel":1,"minecraft:flint_and_steel":1,"minecraft:diamond_sword":2,"minecraft:trial_key":1,"minecraft:orange_terracotta":1,"minecraft:spruce_planks":5,"minecraft:diamond_pickaxe":1,"minecraft:andesite":2,"minecraft:bow":3,"minecraft:stone_pickaxe":1,"minecraft:wooden_pickaxe":1,"minecraft:brick":21},"minecraft:killed":{"minecraft:spider":2,"minecraft:skeleton":11,"minecraft:chicken":2,"minecraft:zombie_villager":1,"minecraft:salmon":16,"minecraft:iron_golem":1,"minecraft:creeper":2,"minecraft:zombie":26,"minecraft:stray":70,"minecraft:blaze":4,"minecraft:drowned":1,"minecraft:husk":12,"minecraft:breeze":1,"minecraft:wither_skeleton":4,"minecraft:enderman":3},"minecraft:custom":{"minecraft:interact_with_crafting_table":27,"minecraft:open_barrel":8,"minecraft:bell_ring":30,"minecraft:eat_cake_slice":7,"minecraft:leave_game":5,"minecraft:time_since_death":38723,"minecraft:sprint_one_cm":631877,"minecraft:damage_blocked_by_shield":3820,"minecraft:drop":57,"minecraft:talked_to_villager":25,"minecraft:play_time":314296,"minecraft:deaths":4,"minecraft:jump":3489,"minecraft:walk_on_water_one_cm":81629,"minecraft:interact_with_furnace":36,"minecraft:sleep_in_bed":6,"minecraft:damage_dealt":24119,"minecraft:crouch_one_cm":53740,"minecraft:inspect_dispenser":12,"minecraft:mob_kills":159,"minecraft:climb_one_cm":5004,"minecraft:walk_one_cm":657886,"minecraft:sneak_time":17772,"minecraft:walk_under_water_one_cm":29772,"minecraft:boat_one_cm":233844,"minecraft:total_world_time":314296,"minecraft:time_since_rest":1902,"minecraft:damage_taken":3589,"minecraft:swim_one_cm":43516,"minecraft:fly_one_cm":380491,"minecraft:open_chest":106,"minecraft:fall_one_cm":81424},"minecraft:crafted":{"minecraft:oak_planks":112,"minecraft:blaze_powder":2,"minecraft:cooked_chicken":2,"minecraft:diamond_shovel":1,"minecraft:bookshelf":2,"minecraft:diamond_helmet":1,"minecraft:diamond_leggings":1,"minecraft:bow":1,"minecraft:chest":4,"minecraft:bricks":16,"minecraft:ender_eye":2,"minecraft:golden_boots":1,"minecraft:oak_slab":12,"minecraft:emerald":9,"minecraft:diamond_axe":1,"minecraft:crafting_table":1,"minecraft:spruce_planks":96,"minecraft:baked_potato":22,"minecraft:wooden_pickaxe":1,"minecraft:iron_helmet":1,"minecraft:lectern":2,"minecraft:book":3,"minecraft:iron_chestplate":1,"minecraft:paper":9,"minecraft:diamond_pickaxe":1,"minecraft:shield":2,"minecraft:stick":48,"minecraft:iron_ingot":30,"minecraft:iron_pickaxe":2,"minecraft:gold_ingot":35,"minecraft:stone_shovel":1,"minecraft:furnace":1,"minecraft:bone_meal":216,"minecraft:flint_and_steel":1,"minecraft:iron_axe":1,"minecraft:stone_pickaxe":1,"minecraft:diamond_boots":1,"minecraft:spruce_boat":2,"minecraft:wheat":162,"minecraft:diamond_sword":1,"minecraft:iron_sword":1,"minecraft:cooked_salmon":11,"minecraft:bucket":1,"minecraft:stone_axe":1,"minecraft:bread":54,"minecraft:air":0,"minecraft:iron_shovel":1,"minecraft:iron_leggings":1,"minecraft:torch":80,"minecraft:diamond_chestplate":1},"minecraft:picked_up":{"minecraft:iron_chestplate":5,"minecraft:wheat":2,"minecraft:diamond_sword":3,"minecraft:potion":3,"minecraft:enchanted_book":1,"minecraft:string":4,"minecraft:soul_soil":1,"minecraft:cooked_salmon":5,"minecraft:sea_pickle":4,"minecraft:diamond_leggings":1,"minecraft:red_sand":15,"minecraft:cobbled_deepslate":582,"minecraft:spruce_planks":44,"minecraft:trial_key":14,"minecraft:azalea":37,"minecraft:iron_pickaxe":3,"minecraft:melon_slice":6,"minecraft:furnace":8,"minecraft:tipped_arrow":48,"minecraft:white_glazed_terracotta":1,"minecraft:stick":49,"minecraft:composter":2,"minecraft:brown_terracotta":1,"minecraft:torch":52,"minecraft:green_bed":1,"minecraft:waxed_copper_grate":8,"minecraft:diorite":13,"minecraft:honey_bottle":1,"minecraft:rotten_flesh":36,"minecraft:white_terracotta":3,"minecraft:blaze_rod":9,"minecraft:obsidian":14,"minecraft:cobblestone":219,"minecraft:feather":1,"minecraft:water_bucket":4,"minecraft:andesite":26,"minecraft:potato":93,"minecraft:flint":6,"minecraft:tuff":68,"minecraft:dirt":131,"minecraft:lapis_lazuli":186,"minecraft:bone":157,"minecraft:bow":8,"minecraft:stonecutter":1,"minecraft:wheat_seeds":3,"minecraft:raw_gold":65,"minecraft:bell":2,"minecraft:diamond_helmet":1,"minecraft:moss_block":5,"minecraft:oak_planks":42,"minecraft:honeycomb":21,"minecraft:scrape_pottery_sherd":10,"minecraft:cooked_porkchop":5,"minecraft:lime_terracotta":4,"minecraft:sand":61,"minecraft:cyan_bed":4,"minecraft:mossy_cobblestone":2,"minecraft:light_gray_terracotta":3,"minecraft:diamond":46,"minecraft:spruce_boat":2,"minecraft:granite":14,"minecraft:breeze_rod":8,"minecraft:bread":5,"minecraft:emerald":72,"minecraft:netherrack":37,"minecraft:bricks":18,"minecraft:diamond_pickaxe":2,"minecraft:coarse_dirt":1,"minecraft:crafting_table":12,"minecraft:ominous_bottle":1,"minecraft:chicken":2,"minecraft:clay_ball":60,"minecraft:shield":5,"minecraft:brick":85,"minecraft:wind_charge":10,"minecraft:iron_axe":3,"minecraft:flint_and_steel":6,"minecraft:iron_shovel":4,"minecraft:cartography_table":1,"minecraft:lectern":27,"minecraft:guster_pottery_sherd":3,"minecraft:sugar_cane":13,"minecraft:chest":11,"minecraft:raw_iron":69,"minecraft:sandstone":16,"minecraft:flow_pottery_sherd":4,"minecraft:redstone":108,"minecraft:iron_horse_armor":4,"minecraft:smooth_sandstone_slab":21,"minecraft:arrow":178,"minecraft:diamond_chestplate":1,"minecraft:diamond_boots":1,"minecraft:hay_block":18,"minecraft:yellow_terracotta":3,"minecraft:saddle":3,"minecraft:gold_ingot":34,"minecraft:tuff_bricks":36,"minecraft:glow_berries":5,"minecraft:mutton":3,"minecraft:white_wool":2,"minecraft:bone_block":13,"minecraft:lime_bed":6,"minecraft:basalt":110,"minecraft:glow_ink_sac":6,"minecraft:salmon":16,"minecraft:cut_sandstone":27,"minecraft:oak_log":245,"minecraft:waxed_copper_block":4,"minecraft:golden_boots":2,"minecraft:gunpowder":1,"minecraft:orange_terracotta":32,"minecraft:smooth_sandstone":52,"minecraft:iron_ingot":56,"minecraft:stone_pickaxe":1,"minecraft:cooked_chicken":1,"minecraft:soul_sand":2,"minecraft:iron_sword":3,"minecraft:flowering_azalea":9,"minecraft:emerald_block":3,"minecraft:gravel":32,"minecraft:spruce_log":93,"minecraft:spider_eye":1,"minecraft:pumpkin_seeds":2,"minecraft:diamond_axe":2,"minecraft:terracotta":22,"minecraft:baked_potato":3,"minecraft:chiseled_tuff_bricks":1,"minecraft:melon_seeds":2,"minecraft:coal":93,"minecraft:ender_pearl":2},"minecraft:used":{"minecraft:tuff_bricks":5,"minecraft:red_sand":8,"minecraft:iron_shovel":170,"minecraft:chest":7,"minecraft:shield":146,"minecraft:iron_sword":195,"minecraft:bell":2,"minecraft:rotten_flesh":9,"minecraft:iron_chestplate":1,"minecraft:tuff":11,"minecraft:obsidian":10,"minecraft:spruce_boat":2,"minecraft:lava_bucket":22,"minecraft:bricks":2,"minecraft:bow":69,"minecraft:furnace":6,"minecraft:potato":31,"minecraft:stone_pickaxe":81,"minecraft:oak_planks":89,"minecraft:wooden_pickaxe":20,"minecraft:diamond_axe":303,"minecraft:sugar_cane":4,"minecraft:glow_berries":5,"minecraft:sand":46,"minecraft:bread":24,"minecraft:cyan_bed":4,"minecraft:lectern":29,"minecraft:gravel":10,"minecraft:chiseled_tuff_bricks":1,"minecraft:diamond_sword":223,"minecraft:andesite":22,"minecraft:bone_meal":54,"minecraft:azalea":20,"minecraft:flint_and_steel":3,"minecraft:stone_shovel":9,"minecraft:spruce_planks":9,"minecraft:cooked_salmon":13,"minecraft:cooked_chicken":3,"minecraft:netherrack":14,"minecraft:trial_key":6,"minecraft:torch":64,"minecraft:dirt":28,"minecraft:granite":1,"minecraft:flowering_azalea":2,"minecraft:iron_axe":24,"minecraft:smooth_sandstone":38,"minecraft:diamond_chestplate":1,"minecraft:basalt":61,"minecraft:soul_soil":1,"minecraft:cobbled_deepslate":106,"minecraft:orange_terracotta":31,"minecraft:water_bucket":14,"minecraft:baked_potato":7,"minecraft:smooth_sandstone_slab":19,"minecraft:cut_sandstone":25,"minecraft:green_bed":1,"minecraft:lime_terracotta":1,"minecraft:terracotta":3,"minecraft:crafting_table":7,"minecraft:lime_bed":6,"minecraft:cake":1,"minecraft:spruce_log":3,"minecraft:ender_eye":1,"minecraft:diamond_pickaxe":852,"minecraft:iron_pickaxe":500,"minecraft:stone_axe":33,"minecraft:cobblestone":65,"minecraft:cooked_porkchop":3,"minecraft:bucket":38}},"DataVersion":3953}