{"stats":{"minecraft:mined":{"minecraft:podzol":1,"minecraft:spruce_planks":5,"minecraft:deepslate_diamond_ore":2,"minecraft:basalt":65,"minecraft:crafting_table":5,"minecraft:torch":1,"minecraft:granite":1,"minecraft:grass_block":3,"minecraft:chest":3,"minecraft:cobblestone":9,"minecraft:deepslate_coal_ore":3,"minecraft:deepslate_gold_ore":8,"minecraft:spruce_leaves":1,"minecraft:lapis_ore":5,"minecraft:coarse_dirt":1,"minecraft:furnace":5,"minecraft:iron_ore":30,"minecraft:fire":4,"minecraft:spruce_log":23,"minecraft:andesite":1,"minecraft:deepslate_lapis_ore":8,"minecraft:coal_ore":12,"minecraft:deepslate_iron_ore":1,"minecraft:dirt":11,"minecraft:stone":48,"minecraft:deepslate":6,"minecraft:fern":1},"minecraft:custom":{"minecraft:interact_with_furnace":21,"minecraft:mob_kills":44,"minecraft:interact_with_crafting_table":8,"minecraft:leave_game":3,"minecraft:time_since_death":25836,"minecraft:climb_one_cm":284,"minecraft:time_since_rest":25861,"minecraft:sprint_one_cm":150018,"minecraft:damage_taken":1316,"minecraft:walk_one_cm":188889,"minecraft:damage_blocked_by_shield":680,"minecraft:drop":12,"minecraft:damage_dealt":5455,"minecraft:swim_one_cm":21532,"minecraft:fly_one_cm":95989,"minecraft:open_chest":10,"minecraft:crouch_one_cm":9531,"minecraft:play_time":55006,"minecraft:deaths":1,"minecraft:sneak_time":3187,"minecraft:walk_under_water_one_cm":22579,"minecraft:jump":933,"minecraft:walk_on_water_one_cm":26472,"minecraft:total_world_time":55006,"minecraft:fall_one_cm":22486},"minecraft:killed_by":{"minecraft:blaze":1},"minecraft:killed":{"minecraft:zombie_villager":1,"minecraft:salmon":16,"minecraft:skeleton":4,"minecraft:zombie":12,"minecraft:chicken":2,"minecraft:drowned":1,"minecraft:wither_skeleton":4,"minecraft:blaze":4},"minecraft:dropped":{"minecraft:stone_axe":1,"minecraft:coarse_dirt":1,"minecraft:rotten_flesh":2,"minecraft:stone_shovel":1,"minecraft:feather":1,"minecraft:stick":1,"minecraft:gunpowder":1,"minecraft:spruce_planks":1,"minecraft:andesite":1,"minecraft:wooden_pickaxe":1,"minecraft:stone_pickaxe":1},"minecraft:used":{"minecraft:water_bucket":8,"minecraft:iron_shovel":2,"minecraft:stone_pickaxe":81,"minecraft:stone_shovel":9,"minecraft:wooden_pickaxe":20,"minecraft:chest":3,"minecraft:spruce_planks":9,"minecraft:shield":17,"minecraft:iron_sword":87,"minecraft:cooked_salmon":13,"minecraft:cooked_chicken":2,"minecraft:iron_chestplate":1,"minecraft:torch":15,"minecraft:dirt":8,"minecraft:crafting_table":5,"minecraft:granite":1,"minecraft:lava_bucket":14,"minecraft:iron_axe":20,"minecraft:iron_pickaxe":109,"minecraft:stone_axe":33,"minecraft:basalt":38,"minecraft:cobblestone":40,"minecraft:furnace":5,"minecraft:bucket":23},"minecraft:picked_up":{"minecraft:crafting_table":5,"minecraft:iron_chestplate":1,"minecraft:coarse_dirt":1,"minecraft:feather":1,"minecraft:basalt":84,"minecraft:chicken":2,"minecraft:andesite":1,"minecraft:water_bucket":1,"minecraft:salmon":16,"minecraft:shield":1,"minecraft:gunpowder":1,"minecraft:dirt":67,"minecraft:lapis_lazuli":86,"minecraft:iron_axe":1,"minecraft:cooked_salmon":5,"minecraft:flint_and_steel":1,"minecraft:iron_shovel":1,"minecraft:bone":8,"minecraft:cobbled_deepslate":6,"minecraft:raw_gold":8,"minecraft:spruce_planks":37,"minecraft:iron_ingot":21,"minecraft:iron_pickaxe":1,"minecraft:chest":3,"minecraft:iron_sword":1,"minecraft:furnace":5,"minecraft:stick":6,"minecraft:raw_iron":31,"minecraft:torch":1,"minecraft:spruce_log":40,"minecraft:iron_horse_armor":1,"minecraft:arrow":3,"minecraft:rotten_flesh":7,"minecraft:diamond":2,"minecraft:granite":1,"minecraft:saddle":1,"minecraft:blaze_rod":5,"minecraft:coal":33,"minecraft:cobblestone":86},"minecraft:crafted":{"minecraft:stone_shovel":1,"minecraft:crafting_table":1,"minecraft:spruce_planks":48,"minecraft:wooden_pickaxe":1,"minecraft:cooked_chicken":2,"minecraft:iron_sword":1,"minecraft:furnace":1,"minecraft:cooked_salmon":11,"minecraft:bucket":1,"minecraft:stone_axe":1,"minecraft:air":0,"minecraft:iron_chestplate":1,"minecraft:shield":1,"minecraft:iron_axe":1,"minecraft:stick":20,"minecraft:iron_ingot":3,"minecraft:iron_pickaxe":1,"minecraft:stone_pickaxe":1,"minecraft:chest":2,"minecraft:iron_shovel":1,"minecraft:torch":16}},"DataVersion":3953}