{"stats":{"minecraft:broken":{"minecraft:iron_pickaxe":2},"minecraft:killed_by":{"minecraft:blaze":1,"minecraft:zombie":2},"minecraft:mined":{"minecraft:yellow_terracotta":3,"minecraft:tuff":50,"minecraft:spruce_planks":8,"minecraft:deepslate_diamond_ore":30,"minecraft:obsidian":15,"minecraft:cave_vines_plant":4,"minecraft:granite":14,"minecraft:red_sand":14,"minecraft:grass_block":6,"minecraft:decorated_pot":27,"minecraft:soul_soil":1,"minecraft:chiseled_tuff_bricks":2,"minecraft:spruce_leaves":1,"minecraft:composter":2,"minecraft:cartography_table":1,"minecraft:moss_block":4,"minecraft:sandstone":16,"minecraft:tuff_bricks":14,"minecraft:hay_block":18,"minecraft:furnace":5,"minecraft:waxed_copper_grate":4,"minecraft:iron_ore":39,"minecraft:cobbled_deepslate":14,"minecraft:fire":4,"minecraft:andesite":26,"minecraft:deepslate_lapis_ore":8,"minecraft:white_glazed_terracotta":1,"minecraft:bell":1,"minecraft:potatoes":7,"minecraft:flowering_azalea_leaves":31,"minecraft:cave_vines":5,"minecraft:deepslate_iron_ore":10,"minecraft:azalea_leaves":95,"minecraft:azalea":6,"minecraft:stone":168,"minecraft:bone_block":14,"minecraft:green_bed":1,"minecraft:podzol":4,"minecraft:deepslate_redstone_ore":21,"minecraft:cut_sandstone":28,"minecraft:soul_sand":2,"minecraft:melon_stem":1,"minecraft:soul_fire":1,"minecraft:orange_terracotta":31,"minecraft:basalt":68,"minecraft:clay":15,"minecraft:smooth_sandstone":58,"minecraft:crafting_table":9,"minecraft:torch":3,"minecraft:light_gray_terracotta":3,"minecraft:short_grass":5,"minecraft:melon":1,"minecraft:chest":5,"minecraft:dead_bush":1,"minecraft:cobblestone":11,"minecraft:deepslate_coal_ore":3,"minecraft:sugar_cane":1,"minecraft:cyan_bed":4,"minecraft:deepslate_gold_ore":34,"minecraft:lapis_ore":5,"minecraft:oak_planks":2,"minecraft:diorite":14,"minecraft:smooth_sandstone_slab":20,"minecraft:wall_torch":4,"minecraft:white_terracotta":3,"minecraft:lime_bed":6,"minecraft:coarse_dirt":1,"minecraft:sea_pickle":2,"minecraft:spruce_log":26,"minecraft:waxed_copper_block":1,"minecraft:oak_log":134,"minecraft:coal_ore":37,"minecraft:flower_pot":1,"minecraft:lime_terracotta":4,"minecraft:gravel":37,"minecraft:dirt":52,"minecraft:sand":47,"minecraft:brown_terracotta":1,"minecraft:terracotta":22,"minecraft:stonecutter":1,"minecraft:small_dripleaf":1,"minecraft:netherrack":37,"minecraft:gold_ore":1,"minecraft:deepslate":522,"minecraft:fern":2},"minecraft:dropped":{"minecraft:bread":35,"minecraft:iron_sword":1,"minecraft:wheat_seeds":2,"minecraft:crafting_table":3,"minecraft:cobblestone":1,"minecraft:feather":1,"minecraft:stick":4,"minecraft:sand":12,"minecraft:stone_axe":1,"minecraft:coarse_dirt":1,"minecraft:stone_shovel":1,"minecraft:rotten_flesh":2,"minecraft:flint_and_steel":1,"minecraft:diamond_sword":1,"minecraft:gunpowder":1,"minecraft:orange_terracotta":1,"minecraft:spruce_planks":5,"minecraft:diamond_pickaxe":1,"minecraft:andesite":2,"minecraft:stone_pickaxe":1,"minecraft:wooden_pickaxe":1,"minecraft:brick":21},"minecraft:killed":{"minecraft:spider":2,"minecraft:skeleton":11,"minecraft:chicken":2,"minecraft:drowned":1,"minecraft:husk":6,"minecraft:zombie_villager":1,"minecraft:salmon":16,"minecraft:iron_golem":1,"minecraft:creeper":2,"minecraft:zombie":26,"minecraft:stray":29,"minecraft:breeze":1,"minecraft:wither_skeleton":4,"minecraft:enderman":3,"minecraft:blaze":4},"minecraft:custom":{"minecraft:mob_kills":111,"minecraft:open_barrel":4,"minecraft:interact_with_crafting_table":21,"minecraft:bell_ring":28,"minecraft:leave_game":5,"minecraft:time_since_death":198881,"minecraft:climb_one_cm":2658,"minecraft:sprint_one_cm":519611,"minecraft:walk_one_cm":525974,"minecraft:damage_blocked_by_shield":2390,"minecraft:drop":29,"minecraft:play_time":266296,"minecraft:sneak_time":16373,"minecraft:deaths":3,"minecraft:walk_under_water_one_cm":26381,"minecraft:boat_one_cm":233844,"minecraft:jump":2910,"minecraft:walk_on_water_one_cm":71077,"minecraft:total_world_time":266296,"minecraft:interact_with_furnace":33,"minecraft:sleep_in_bed":4,"minecraft:time_since_rest":80775,"minecraft:damage_taken":3092,"minecraft:damage_dealt":19457,"minecraft:swim_one_cm":22221,"minecraft:fly_one_cm":308145,"minecraft:open_chest":76,"minecraft:crouch_one_cm":47412,"minecraft:fall_one_cm":66151,"minecraft:inspect_dispenser":5},"minecraft:crafted":{"minecraft:oak_planks":92,"minecraft:stone_shovel":1,"minecraft:blaze_powder":2,"minecraft:cooked_chicken":2,"minecraft:furnace":1,"minecraft:bone_meal":216,"minecraft:flint_and_steel":1,"minecraft:diamond_helmet":1,"minecraft:bow":1,"minecraft:diamond_leggings":1,"minecraft:iron_axe":1,"minecraft:stone_pickaxe":1,"minecraft:chest":4,"minecraft:diamond_boots":1,"minecraft:spruce_boat":2,"minecraft:bricks":16,"minecraft:ender_eye":2,"minecraft:golden_boots":1,"minecraft:wheat":162,"minecraft:diamond_sword":1,"minecraft:diamond_axe":1,"minecraft:crafting_table":1,"minecraft:spruce_planks":96,"minecraft:iron_helmet":1,"minecraft:wooden_pickaxe":1,"minecraft:iron_sword":1,"minecraft:cooked_salmon":11,"minecraft:bucket":1,"minecraft:stone_axe":1,"minecraft:air":0,"minecraft:bread":54,"minecraft:iron_chestplate":1,"minecraft:diamond_pickaxe":1,"minecraft:shield":1,"minecraft:stick":48,"minecraft:iron_ingot":21,"minecraft:iron_pickaxe":2,"minecraft:gold_ingot":35,"minecraft:iron_shovel":1,"minecraft:iron_leggings":1,"minecraft:torch":80,"minecraft:diamond_chestplate":1},"minecraft:picked_up":{"minecraft:crafting_table":12,"minecraft:iron_chestplate":4,"minecraft:coarse_dirt":1,"minecraft:wheat":2,"minecraft:chicken":2,"minecraft:clay_ball":60,"minecraft:diamond_sword":1,"minecraft:brick":85,"minecraft:shield":3,"minecraft:string":4,"minecraft:soul_soil":1,"minecraft:iron_axe":3,"minecraft:cooked_salmon":5,"minecraft:flint_and_steel":6,"minecraft:iron_shovel":3,"minecraft:sea_pickle":4,"minecraft:cartography_table":1,"minecraft:red_sand":15,"minecraft:cobbled_deepslate":553,"minecraft:spruce_planks":44,"minecraft:trial_key":5,"minecraft:guster_pottery_sherd":1,"minecraft:azalea":37,"minecraft:iron_pickaxe":3,"minecraft:sugar_cane":4,"minecraft:melon_slice":6,"minecraft:chest":9,"minecraft:furnace":8,"minecraft:tipped_arrow":15,"minecraft:white_glazed_terracotta":1,"minecraft:stick":49,"minecraft:raw_iron":69,"minecraft:sandstone":16,"minecraft:composter":2,"minecraft:brown_terracotta":1,"minecraft:torch":16,"minecraft:green_bed":1,"minecraft:flow_pottery_sherd":2,"minecraft:waxed_copper_grate":4,"minecraft:diorite":13,"minecraft:redstone":108,"minecraft:iron_horse_armor":4,"minecraft:smooth_sandstone_slab":21,"minecraft:arrow":85,"minecraft:rotten_flesh":36,"minecraft:hay_block":18,"minecraft:yellow_terracotta":3,"minecraft:tuff_bricks":14,"minecraft:saddle":3,"minecraft:gold_ingot":2,"minecraft:white_terracotta":3,"minecraft:blaze_rod":9,"minecraft:glow_berries":5,"minecraft:obsidian":14,"minecraft:mutton":3,"minecraft:bone_block":13,"minecraft:white_wool":2,"minecraft:cobblestone":214,"minecraft:lime_bed":6,"minecraft:feather":1,"minecraft:basalt":110,"minecraft:andesite":26,"minecraft:glow_ink_sac":6,"minecraft:water_bucket":3,"minecraft:salmon":16,"minecraft:cut_sandstone":27,"minecraft:waxed_copper_block":1,"minecraft:potato":25,"minecraft:oak_log":134,"minecraft:flint":6,"minecraft:tuff":68,"minecraft:gunpowder":1,"minecraft:lapis_lazuli":186,"minecraft:dirt":131,"minecraft:orange_terracotta":32,"minecraft:smooth_sandstone":52,"minecraft:bone":70,"minecraft:stonecutter":1,"minecraft:bow":3,"minecraft:wheat_seeds":3,"minecraft:raw_gold":65,"minecraft:bell":1,"minecraft:scrape_pottery_sherd":5,"minecraft:cooked_chicken":1,"minecraft:iron_ingot":41,"minecraft:stone_pickaxe":1,"minecraft:flowering_azalea":9,"minecraft:oak_planks":2,"minecraft:moss_block":5,"minecraft:iron_sword":3,"minecraft:soul_sand":2,"minecraft:emerald_block":1,"minecraft:cooked_porkchop":5,"minecraft:lime_terracotta":4,"minecraft:gravel":32,"minecraft:sand":59,"minecraft:spruce_log":93,"minecraft:cyan_bed":4,"minecraft:spider_eye":1,"minecraft:mossy_cobblestone":2,"minecraft:light_gray_terracotta":3,"minecraft:pumpkin_seeds":2,"minecraft:diamond":46,"minecraft:spruce_boat":1,"minecraft:breeze_rod":4,"minecraft:granite":14,"minecraft:emerald":34,"minecraft:baked_potato":1,"minecraft:bread":3,"minecraft:terracotta":22,"minecraft:melon_seeds":2,"minecraft:netherrack":37,"minecraft:coal":93,"minecraft:ender_pearl":2,"minecraft:diamond_pickaxe":1},"minecraft:used":{"minecraft:azalea":20,"minecraft:red_sand":8,"minecraft:iron_shovel":145,"minecraft:flint_and_steel":2,"minecraft:stone_shovel":9,"minecraft:chest":7,"minecraft:spruce_planks":9,"minecraft:shield":95,"minecraft:trial_key":2,"minecraft:iron_sword":195,"minecraft:bell":1,"minecraft:cooked_salmon":13,"minecraft:cooked_chicken":3,"minecraft:rotten_flesh":9,"minecraft:netherrack":14,"minecraft:iron_chestplate":1,"minecraft:torch":64,"minecraft:dirt":28,"minecraft:tuff":11,"minecraft:granite":1,"minecraft:obsidian":10,"minecraft:spruce_boat":2,"minecraft:flowering_azalea":2,"minecraft:lava_bucket":22,"minecraft:iron_axe":24,"minecraft:smooth_sandstone":38,"minecraft:basalt":61,"minecraft:bow":1,"minecraft:soul_soil":1,"minecraft:furnace":6,"minecraft:potato":13,"minecraft:orange_terracotta":31,"minecraft:cobbled_deepslate":86,"minecraft:water_bucket":14,"minecraft:baked_potato":1,"minecraft:stone_pickaxe":81,"minecraft:oak_planks":69,"minecraft:smooth_sandstone_slab":19,"minecraft:sugar_cane":4,"minecraft:wooden_pickaxe":20,"minecraft:green_bed":1,"minecraft:cut_sandstone":25,"minecraft:diamond_axe":271,"minecraft:glow_berries":5,"minecraft:lime_terracotta":1,"minecraft:sand":44,"minecraft:terracotta":3,"minecraft:lime_bed":6,"minecraft:crafting_table":7,"minecraft:spruce_log":3,"minecraft:diamond_pickaxe":787,"minecraft:ender_eye":1,"minecraft:cyan_bed":4,"minecraft:bread":22,"minecraft:iron_pickaxe":500,"minecraft:gravel":10,"minecraft:stone_axe":33,"minecraft:diamond_sword":152,"minecraft:cobblestone":65,"minecraft:cooked_porkchop":3,"minecraft:andesite":22,"minecraft:bucket":37,"minecraft:bone_meal":54}},"DataVersion":3953}