{"stats":{"minecraft:mined":{"minecraft:podzol":1,"minecraft:spruce_planks":5,"minecraft:cyan_terracotta":11,"minecraft:mossy_cobblestone":15,"minecraft:kelp_plant":1,"minecraft:crafting_table":9,"minecraft:short_grass":1,"minecraft:grass_block":2,"minecraft:mud_brick_stairs":9,"minecraft:cobblestone":2,"minecraft:spruce_leaves":2,"minecraft:mud_bricks":38,"minecraft:red_terracotta":6,"minecraft:blue_terracotta":11,"minecraft:packed_mud":3,"minecraft:furnace":5,"minecraft:iron_ore":7,"minecraft:spruce_log":68,"minecraft:andesite":1,"minecraft:yellow_glazed_terracotta":7,"minecraft:coal_ore":79,"minecraft:gravel":2,"minecraft:dirt":7,"minecraft:stone":201,"minecraft:yellow_terracotta":3,"minecraft:fern":1,"minecraft:suspicious_gravel":1,"minecraft:orange_glazed_terracotta":3},"minecraft:custom":{"minecraft:interact_with_furnace":41,"minecraft:mob_kills":23,"minecraft:interact_with_crafting_table":20,"minecraft:time_since_death":29880,"minecraft:time_since_rest":30028,"minecraft:sprint_one_cm":77992,"minecraft:damage_taken":951,"minecraft:walk_one_cm":201060,"minecraft:drop":6,"minecraft:damage_dealt":1235,"minecraft:swim_one_cm":35992,"minecraft:fly_one_cm":35763,"minecraft:open_chest":3,"minecraft:crouch_one_cm":3885,"minecraft:play_time":64916,"minecraft:deaths":1,"minecraft:sneak_time":2146,"minecraft:walk_under_water_one_cm":36155,"minecraft:jump":544,"minecraft:walk_on_water_one_cm":30610,"minecraft:total_world_time":64916,"minecraft:fish_caught":1,"minecraft:fall_one_cm":9806},"minecraft:killed_by":{"minecraft:drowned":1},"minecraft:dropped":{"minecraft:crafting_table":1,"minecraft:cooked_porkchop":2,"minecraft:raw_iron":3,"minecraft:torch":4,"minecraft:spruce_planks":20,"minecraft:wooden_axe":1},"minecraft:killed":{"minecraft:pig":2,"minecraft:salmon":14,"minecraft:cod":5,"minecraft:sheep":1,"minecraft:chicken":1},"minecraft:used":{"minecraft:stone_sword":46,"minecraft:stone_pickaxe":296,"minecraft:dried_kelp":5,"minecraft:spruce_planks":28,"minecraft:wooden_pickaxe":114,"minecraft:cooked_salmon":6,"minecraft:torch":12,"minecraft:mossy_cobblestone":11,"minecraft:dirt":6,"minecraft:crafting_table":8,"minecraft:wooden_axe":57,"minecraft:iron_pickaxe":1,"minecraft:gravel":2,"minecraft:stone_axe":5,"minecraft:fishing_rod":2,"minecraft:cobblestone":5,"minecraft:furnace":8,"minecraft:oak_sapling":1,"minecraft:cooked_cod":4},"minecraft:broken":{"minecraft:stone_pickaxe":1,"minecraft:wooden_pickaxe":2},"minecraft:picked_up":{"minecraft:wooden_axe":1,"minecraft:crafting_table":9,"minecraft:mud_bricks":37,"minecraft:chicken":1,"minecraft:salmon":15,"minecraft:mud_brick_stairs":8,"minecraft:packed_mud":3,"minecraft:oak_log":1,"minecraft:yellow_glazed_terracotta":7,"minecraft:dirt":10,"minecraft:orange_glazed_terracotta":3,"minecraft:kelp":2,"minecraft:spruce_planks":77,"minecraft:furnace":5,"minecraft:raw_iron":10,"minecraft:torch":5,"minecraft:gravel":2,"minecraft:porkchop":4,"minecraft:spruce_log":65,"minecraft:red_terracotta":6,"minecraft:mossy_cobblestone":15,"minecraft:blue_terracotta":11,"minecraft:stone_axe":1,"minecraft:yellow_terracotta":3,"minecraft:cyan_terracotta":11,"minecraft:bone_meal":1,"minecraft:oak_sapling":1,"minecraft:coal":76,"minecraft:cod":4,"minecraft:cobblestone":202},"minecraft:crafted":{"minecraft:cooked_cod":4,"minecraft:cooked_porkchop":2,"minecraft:crafting_table":2,"minecraft:spruce_planks":260,"minecraft:dried_kelp":5,"minecraft:wooden_pickaxe":2,"minecraft:furnace":4,"minecraft:cooked_salmon":15,"minecraft:air":0,"minecraft:stick":104,"minecraft:iron_ingot":3,"minecraft:iron_pickaxe":1,"minecraft:stone_pickaxe":3,"minecraft:wooden_axe":2,"minecraft:stone_sword":2,"minecraft:torch":80}},"DataVersion":3953}