{"stats":{"minecraft:broken":{"minecraft:wooden_pickaxe":2,"minecraft:stone_pickaxe":5},"minecraft:killed_by":{"minecraft:creeper":1,"minecraft:drowned":1,"minecraft:warden":1},"minecraft:mined":{"minecraft:yellow_terracotta":3,"minecraft:spruce_planks":9,"minecraft:mossy_cobblestone":15,"minecraft:sculk_vein":1,"minecraft:jungle_leaves":1,"minecraft:sea_lantern":1,"minecraft:red_sand":32,"minecraft:grass_block":14,"minecraft:spruce_leaves":3,"minecraft:mud_bricks":40,"minecraft:moss_block":1,"minecraft:sandstone":70,"minecraft:sandstone_stairs":2,"minecraft:tall_seagrass":1,"minecraft:packed_mud":3,"minecraft:furnace":8,"minecraft:iron_ore":26,"minecraft:suspicious_sand":1,"minecraft:andesite":1,"minecraft:cave_vines":1,"minecraft:vine":1,"minecraft:stone":270,"minecraft:orange_glazed_terracotta":3,"minecraft:podzol":1,"minecraft:sandstone_slab":1,"minecraft:cut_sandstone":32,"minecraft:flowering_azalea":1,"minecraft:jungle_door":2,"minecraft:cyan_terracotta":11,"minecraft:kelp_plant":1,"minecraft:orange_terracotta":8,"minecraft:smooth_sandstone":93,"minecraft:crafting_table":16,"minecraft:torch":1,"minecraft:short_grass":16,"minecraft:dead_bush":1,"minecraft:mud_brick_stairs":10,"minecraft:melon":5,"minecraft:chest":2,"minecraft:tall_grass":11,"minecraft:cobblestone":9,"minecraft:sculk":4,"minecraft:diorite":1,"minecraft:smooth_sandstone_slab":13,"minecraft:wall_torch":2,"minecraft:red_terracotta":7,"minecraft:coarse_dirt":2,"minecraft:blue_terracotta":11,"minecraft:spruce_log":68,"minecraft:birch_leaves":2,"minecraft:yellow_glazed_terracotta":7,"minecraft:oak_log":32,"minecraft:coal_ore":362,"minecraft:cocoa":10,"minecraft:gravel":5,"minecraft:sand":69,"minecraft:dirt":11,"minecraft:terracotta":10,"minecraft:gold_ore":25,"minecraft:oak_leaves":12,"minecraft:fern":2,"minecraft:suspicious_gravel":1},"minecraft:dropped":{"minecraft:wheat_seeds":1,"minecraft:crafting_table":3,"minecraft:cooked_porkchop":2,"minecraft:cobblestone":5,"minecraft:tropical_fish":2,"minecraft:pufferfish":3,"minecraft:packed_mud":3,"minecraft:dirt":4,"minecraft:torch":4,"minecraft:wooden_axe":2,"minecraft:yellow_glazed_terracotta":7,"minecraft:mud_brick_stairs":10,"minecraft:lily_pad":1,"minecraft:redstone":7,"minecraft:gravel":3,"minecraft:cooked_chicken":3,"minecraft:raw_iron":11,"minecraft:rotten_flesh":5,"minecraft:oak_planks":24,"minecraft:potato":6,"minecraft:mud_bricks":12,"minecraft:spruce_planks":20,"minecraft:azalea":1,"minecraft:oak_sapling":1,"minecraft:spider_eye":1,"minecraft:bow":2,"minecraft:stone_pickaxe":1,"minecraft:raw_gold":3},"minecraft:killed":{"minecraft:armadillo":1,"minecraft:cave_spider":1,"minecraft:witch":1,"minecraft:spider":2,"minecraft:cod":5,"minecraft:skeleton":4,"minecraft:chicken":8,"minecraft:axolotl":1,"minecraft:tropical_fish":3,"minecraft:pig":3,"minecraft:zombie_villager":1,"minecraft:salmon":14,"minecraft:rabbit":2,"minecraft:sheep":11,"minecraft:zombie":11},"minecraft:custom":{"minecraft:mob_kills":68,"minecraft:interact_with_crafting_table":63,"minecraft:leave_game":1,"minecraft:time_since_death":36868,"minecraft:climb_one_cm":6067,"minecraft:sprint_one_cm":527595,"minecraft:walk_one_cm":1392342,"minecraft:drop":55,"minecraft:play_time":344513,"minecraft:deaths":4,"minecraft:sneak_time":32560,"minecraft:walk_under_water_one_cm":94311,"minecraft:boat_one_cm":317724,"minecraft:jump":3838,"minecraft:walk_on_water_one_cm":98847,"minecraft:total_world_time":344513,"minecraft:interact_with_furnace":124,"minecraft:sleep_in_bed":4,"minecraft:time_since_rest":36999,"minecraft:damage_taken":3355,"minecraft:damage_dealt":7329,"minecraft:swim_one_cm":150710,"minecraft:fly_one_cm":501647,"minecraft:open_chest":52,"minecraft:crouch_one_cm":75488,"minecraft:fish_caught":52,"minecraft:fall_one_cm":70899},"minecraft:crafted":{"minecraft:oak_planks":104,"minecraft:golden_chestplate":1,"minecraft:furnace":6,"minecraft:spruce_pressure_plate":1,"minecraft:stone_pickaxe":7,"minecraft:chest":3,"minecraft:spruce_boat":1,"minecraft:golden_helmet":1,"minecraft:cooked_rabbit":2,"minecraft:cooked_cod":24,"minecraft:diamond_sword":1,"minecraft:cooked_porkchop":5,"minecraft:crafting_table":3,"minecraft:spruce_planks":260,"minecraft:dried_kelp":5,"minecraft:wooden_pickaxe":2,"minecraft:iron_sword":1,"minecraft:cooked_salmon":21,"minecraft:sandstone_slab":54,"minecraft:stone_axe":2,"minecraft:air":0,"minecraft:stick":180,"minecraft:iron_ingot":7,"minecraft:iron_pickaxe":2,"minecraft:wooden_axe":2,"minecraft:stone_sword":3,"minecraft:gold_ingot":13,"minecraft:white_bed":1,"minecraft:torch":336},"minecraft:used":{"minecraft:moss_carpet":3,"minecraft:blue_terracotta":3,"minecraft:red_sand":3,"minecraft:stone_sword":192,"minecraft:dried_kelp":5,"minecraft:spruce_planks":105,"minecraft:chest":5,"minecraft:iron_sword":20,"minecraft:cooked_salmon":19,"minecraft:cooked_chicken":3,"minecraft:torch":81,"minecraft:dirt":17,"minecraft:spruce_boat":6,"minecraft:wooden_axe":70,"minecraft:cyan_terracotta":3,"minecraft:smooth_sandstone":83,"minecraft:oak_sapling":4,"minecraft:furnace":14,"minecraft:cooked_cod":17,"minecraft:orange_terracotta":3,"minecraft:baked_potato":2,"minecraft:stone_pickaxe":859,"minecraft:oak_planks":10,"minecraft:smooth_sandstone_slab":4,"minecraft:wooden_pickaxe":114,"minecraft:sandstone":4,"minecraft:cut_sandstone":13,"minecraft:terracotta":2,"minecraft:glow_berries":5,"minecraft:mossy_cobblestone":11,"minecraft:sand":3,"minecraft:yellow_terracotta":3,"minecraft:crafting_table":15,"minecraft:white_bed":1,"minecraft:apple":1,"minecraft:melon_slice":15,"minecraft:iron_pickaxe":143,"minecraft:spruce_pressure_plate":1,"minecraft:red_terracotta":4,"minecraft:gravel":2,"minecraft:stone_axe":28,"minecraft:diamond_sword":16,"minecraft:fishing_rod":89,"minecraft:cobblestone":25,"minecraft:cooked_porkchop":3,"minecraft:jungle_door":1,"minecraft:cooked_rabbit":2,"minecraft:sandstone_slab":55,"minecraft:coarse_dirt":2},"minecraft:picked_up":{"minecraft:wooden_axe":2,"minecraft:fishing_rod":2,"minecraft:cocoa_beans":20,"minecraft:coarse_dirt":2,"minecraft:crafting_table":20,"minecraft:sandstone_slab":1,"minecraft:chicken":7,"minecraft:potion":1,"minecraft:shield":1,"minecraft:string":6,"minecraft:moss_carpet":3,"minecraft:cooked_salmon":11,"minecraft:iron_leggings":1,"minecraft:orange_glazed_terracotta":6,"minecraft:pufferfish":7,"minecraft:red_sand":32,"minecraft:spruce_planks":83,"minecraft:azalea":1,"minecraft:iron_pickaxe":1,"minecraft:melon_slice":49,"minecraft:chest":2,"minecraft:iron_boots":2,"minecraft:furnace":9,"minecraft:stick":20,"minecraft:raw_iron":33,"minecraft:sandstone":63,"minecraft:jungle_door":2,"minecraft:torch":12,"minecraft:bowl":1,"minecraft:porkchop":7,"minecraft:diorite":2,"minecraft:redstone":7,"minecraft:golden_chestplate":1,"minecraft:prismarine_crystals":2,"minecraft:rabbit_foot":2,"minecraft:smooth_sandstone_slab":14,"minecraft:stone_sword":1,"minecraft:arrow":1,"minecraft:rotten_flesh":5,"minecraft:tropical_fish":4,"minecraft:sandstone_stairs":2,"minecraft:cyan_terracotta":11,"minecraft:yellow_terracotta":3,"minecraft:gold_ingot":1,"minecraft:saddle":1,"minecraft:mutton":24,"minecraft:cod":37,"minecraft:white_wool":17,"minecraft:cobblestone":338,"minecraft:mud_bricks":92,"minecraft:tripwire_hook":1,"minecraft:salmon":35,"minecraft:leather":1,"minecraft:cut_sandstone":32,"minecraft:mud_brick_stairs":30,"minecraft:packed_mud":9,"minecraft:lily_pad":1,"minecraft:oak_log":27,"minecraft:yellow_glazed_terracotta":21,"minecraft:dirt":29,"minecraft:name_tag":1,"minecraft:orange_terracotta":8,"minecraft:bone":5,"minecraft:smooth_sandstone":89,"minecraft:apple":1,"minecraft:kelp":2,"minecraft:bow":2,"minecraft:wheat_seeds":2,"minecraft:raw_gold":30,"minecraft:rabbit_hide":1,"minecraft:iron_ingot":2,"minecraft:cooked_chicken":6,"minecraft:rabbit":2,"minecraft:moss_block":1,"minecraft:iron_sword":1,"minecraft:flowering_azalea":1,"minecraft:gravel":6,"minecraft:sand":66,"minecraft:spruce_log":65,"minecraft:spider_eye":1,"minecraft:red_terracotta":9,"minecraft:mossy_cobblestone":15,"minecraft:blue_terracotta":11,"minecraft:stone_axe":1,"minecraft:spruce_boat":7,"minecraft:granite":3,"minecraft:bone_meal":1,"minecraft:emerald":4,"minecraft:baked_potato":11,"minecraft:terracotta":16,"minecraft:oak_sapling":6,"minecraft:coal":465}},"DataVersion":3953}