{"stats":{"minecraft:mined":{"minecraft:furnace":1,"minecraft:mossy_cobblestone":15,"minecraft:spruce_log":28,"minecraft:crafting_table":3,"minecraft:grass_block":2,"minecraft:coal_ore":40,"minecraft:dirt":4,"minecraft:cobblestone":1,"minecraft:stone":18,"minecraft:fern":1},"minecraft:custom":{"minecraft:time_since_rest":16916,"minecraft:interact_with_furnace":8,"minecraft:sprint_one_cm":13966,"minecraft:damage_taken":230,"minecraft:walk_one_cm":52930,"minecraft:mob_kills":1,"minecraft:drop":1,"minecraft:damage_dealt":242,"minecraft:swim_one_cm":7039,"minecraft:interact_with_crafting_table":6,"minecraft:fly_one_cm":3855,"minecraft:crouch_one_cm":1196,"minecraft:play_time":16916,"minecraft:sneak_time":891,"minecraft:walk_under_water_one_cm":7584,"minecraft:jump":128,"minecraft:time_since_death":16916,"minecraft:walk_on_water_one_cm":7567,"minecraft:total_world_time":16916,"minecraft:fall_one_cm":1500},"minecraft:killed":{"minecraft:salmon":1},"minecraft:dropped":{"minecraft:crafting_table":1},"minecraft:used":{"minecraft:wooden_axe":22,"minecraft:stone_pickaxe":26,"minecraft:dried_kelp":5,"minecraft:wooden_pickaxe":55,"minecraft:cooked_salmon":1,"minecraft:mossy_cobblestone":11,"minecraft:cobblestone":1,"minecraft:crafting_table":2,"minecraft:furnace":2},"minecraft:broken":{"minecraft:wooden_pickaxe":1},"minecraft:picked_up":{"minecraft:crafting_table":3,"minecraft:salmon":1,"minecraft:spruce_log":27,"minecraft:dirt":6,"minecraft:mossy_cobblestone":15,"minecraft:stone_axe":1,"minecraft:coal":37,"minecraft:cobblestone":20,"minecraft:furnace":1},"minecraft:crafted":{"minecraft:crafting_table":1,"minecraft:spruce_planks":56,"minecraft:stick":56,"minecraft:dried_kelp":5,"minecraft:stone_pickaxe":1,"minecraft:wooden_pickaxe":1,"minecraft:wooden_axe":1,"minecraft:furnace":1,"minecraft:cooked_salmon":1,"minecraft:air":0}},"DataVersion":3953}