{"stats":{"minecraft:broken":{"minecraft:wooden_pickaxe":2,"minecraft:stone_pickaxe":5},"minecraft:killed_by":{"minecraft:creeper":1,"minecraft:drowned":1},"minecraft:mined":{"minecraft:yellow_terracotta":3,"minecraft:spruce_planks":9,"minecraft:mossy_cobblestone":15,"minecraft:jungle_leaves":1,"minecraft:sea_lantern":1,"minecraft:red_sand":32,"minecraft:grass_block":8,"minecraft:spruce_leaves":3,"minecraft:mud_bricks":40,"minecraft:sandstone":70,"minecraft:sandstone_stairs":2,"minecraft:tall_seagrass":1,"minecraft:packed_mud":3,"minecraft:furnace":6,"minecraft:iron_ore":7,"minecraft:suspicious_sand":1,"minecraft:andesite":1,"minecraft:cave_vines":1,"minecraft:vine":1,"minecraft:stone":217,"minecraft:orange_glazed_terracotta":3,"minecraft:podzol":1,"minecraft:sandstone_slab":1,"minecraft:cut_sandstone":32,"minecraft:jungle_door":2,"minecraft:cyan_terracotta":11,"minecraft:kelp_plant":1,"minecraft:orange_terracotta":8,"minecraft:smooth_sandstone":93,"minecraft:crafting_table":13,"minecraft:torch":1,"minecraft:short_grass":12,"minecraft:mud_brick_stairs":10,"minecraft:melon":5,"minecraft:chest":2,"minecraft:tall_grass":4,"minecraft:cobblestone":9,"minecraft:smooth_sandstone_slab":13,"minecraft:wall_torch":1,"minecraft:red_terracotta":7,"minecraft:coarse_dirt":2,"minecraft:blue_terracotta":11,"minecraft:spruce_log":68,"minecraft:birch_leaves":2,"minecraft:yellow_glazed_terracotta":7,"minecraft:coal_ore":222,"minecraft:cocoa":10,"minecraft:gravel":3,"minecraft:sand":69,"minecraft:dirt":9,"minecraft:terracotta":10,"minecraft:oak_leaves":7,"minecraft:fern":2,"minecraft:suspicious_gravel":1},"minecraft:dropped":{"minecraft:crafting_table":2,"minecraft:cooked_porkchop":2,"minecraft:packed_mud":3,"minecraft:dirt":4,"minecraft:torch":4,"minecraft:wooden_axe":2,"minecraft:yellow_glazed_terracotta":7,"minecraft:mud_brick_stairs":10,"minecraft:gravel":1,"minecraft:cooked_chicken":3,"minecraft:raw_iron":3,"minecraft:rotten_flesh":2,"minecraft:mud_bricks":12,"minecraft:spruce_planks":20,"minecraft:oak_sapling":1,"minecraft:bow":2},"minecraft:killed":{"minecraft:armadillo":1,"minecraft:spider":1,"minecraft:cod":5,"minecraft:chicken":8,"minecraft:pig":3,"minecraft:salmon":14,"minecraft:rabbit":1,"minecraft:sheep":11,"minecraft:zombie":4},"minecraft:custom":{"minecraft:mob_kills":48,"minecraft:interact_with_crafting_table":48,"minecraft:leave_game":1,"minecraft:time_since_death":8371,"minecraft:climb_one_cm":5435,"minecraft:sprint_one_cm":356734,"minecraft:walk_one_cm":938486,"minecraft:drop":32,"minecraft:play_time":236513,"minecraft:deaths":3,"minecraft:sneak_time":13500,"minecraft:walk_under_water_one_cm":60421,"minecraft:boat_one_cm":317724,"minecraft:jump":2596,"minecraft:walk_on_water_one_cm":66143,"minecraft:total_world_time":236513,"minecraft:interact_with_furnace":62,"minecraft:sleep_in_bed":4,"minecraft:time_since_rest":8446,"minecraft:damage_taken":2178,"minecraft:damage_dealt":3774,"minecraft:swim_one_cm":89816,"minecraft:fly_one_cm":337397,"minecraft:open_chest":49,"minecraft:crouch_one_cm":32142,"minecraft:fish_caught":29,"minecraft:fall_one_cm":48227},"minecraft:crafted":{"minecraft:furnace":5,"minecraft:spruce_pressure_plate":1,"minecraft:stone_pickaxe":6,"minecraft:chest":2,"minecraft:spruce_boat":1,"minecraft:cooked_rabbit":1,"minecraft:cooked_cod":15,"minecraft:diamond_sword":1,"minecraft:cooked_porkchop":5,"minecraft:crafting_table":2,"minecraft:spruce_planks":260,"minecraft:dried_kelp":5,"minecraft:wooden_pickaxe":2,"minecraft:cooked_salmon":15,"minecraft:sandstone_slab":54,"minecraft:stone_axe":1,"minecraft:air":0,"minecraft:stick":104,"minecraft:iron_ingot":3,"minecraft:iron_pickaxe":1,"minecraft:wooden_axe":2,"minecraft:stone_sword":2,"minecraft:white_bed":1,"minecraft:torch":140},"minecraft:used":{"minecraft:blue_terracotta":3,"minecraft:red_sand":3,"minecraft:stone_sword":106,"minecraft:dried_kelp":5,"minecraft:spruce_planks":105,"minecraft:chest":4,"minecraft:cooked_salmon":13,"minecraft:cooked_chicken":3,"minecraft:torch":22,"minecraft:dirt":9,"minecraft:spruce_boat":6,"minecraft:wooden_axe":70,"minecraft:cyan_terracotta":3,"minecraft:smooth_sandstone":83,"minecraft:oak_sapling":1,"minecraft:furnace":10,"minecraft:cooked_cod":4,"minecraft:orange_terracotta":3,"minecraft:stone_pickaxe":751,"minecraft:smooth_sandstone_slab":4,"minecraft:wooden_pickaxe":114,"minecraft:sandstone":4,"minecraft:cut_sandstone":13,"minecraft:glow_berries":5,"minecraft:mossy_cobblestone":11,"minecraft:sand":3,"minecraft:yellow_terracotta":3,"minecraft:crafting_table":11,"minecraft:white_bed":1,"minecraft:melon_slice":15,"minecraft:iron_pickaxe":1,"minecraft:spruce_pressure_plate":1,"minecraft:red_terracotta":4,"minecraft:gravel":2,"minecraft:stone_axe":6,"minecraft:diamond_sword":16,"minecraft:fishing_rod":47,"minecraft:cobblestone":25,"minecraft:cooked_porkchop":3,"minecraft:jungle_door":1,"minecraft:cooked_rabbit":1,"minecraft:sandstone_slab":55,"minecraft:coarse_dirt":2},"minecraft:picked_up":{"minecraft:wooden_axe":2,"minecraft:fishing_rod":1,"minecraft:cocoa_beans":20,"minecraft:coarse_dirt":2,"minecraft:crafting_table":15,"minecraft:sandstone_slab":1,"minecraft:chicken":7,"minecraft:potion":1,"minecraft:string":3,"minecraft:orange_glazed_terracotta":6,"minecraft:pufferfish":4,"minecraft:red_sand":32,"minecraft:spruce_planks":83,"minecraft:melon_slice":49,"minecraft:chest":2,"minecraft:furnace":6,"minecraft:stick":2,"minecraft:raw_iron":11,"minecraft:sandstone":63,"minecraft:jungle_door":2,"minecraft:torch":9,"minecraft:bowl":1,"minecraft:porkchop":7,"minecraft:prismarine_crystals":2,"minecraft:rabbit_foot":1,"minecraft:smooth_sandstone_slab":14,"minecraft:rotten_flesh":2,"minecraft:tropical_fish":2,"minecraft:sandstone_stairs":2,"minecraft:cyan_terracotta":11,"minecraft:yellow_terracotta":3,"minecraft:saddle":1,"minecraft:mutton":24,"minecraft:cod":24,"minecraft:white_wool":17,"minecraft:cobblestone":284,"minecraft:mud_bricks":92,"minecraft:tripwire_hook":1,"minecraft:salmon":29,"minecraft:leather":1,"minecraft:cut_sandstone":32,"minecraft:mud_brick_stairs":30,"minecraft:packed_mud":9,"minecraft:oak_log":1,"minecraft:yellow_glazed_terracotta":21,"minecraft:dirt":21,"minecraft:name_tag":1,"minecraft:orange_terracotta":8,"minecraft:smooth_sandstone":89,"minecraft:kelp":2,"minecraft:bow":2,"minecraft:wheat_seeds":1,"minecraft:cooked_chicken":6,"minecraft:rabbit":1,"minecraft:gravel":4,"minecraft:sand":66,"minecraft:spruce_log":65,"minecraft:red_terracotta":7,"minecraft:mossy_cobblestone":15,"minecraft:blue_terracotta":11,"minecraft:stone_axe":1,"minecraft:spruce_boat":7,"minecraft:bone_meal":1,"minecraft:emerald":4,"minecraft:terracotta":11,"minecraft:oak_sapling":3,"minecraft:coal":327}},"DataVersion":3953}