{"stats":{"minecraft:broken":{"minecraft:wooden_pickaxe":2,"minecraft:stone_pickaxe":5,"minecraft:iron_pickaxe":2},"minecraft:killed_by":{"minecraft:creeper":1,"minecraft:drowned":1,"minecraft:warden":1},"minecraft:mined":{"minecraft:yellow_terracotta":3,"minecraft:spruce_planks":9,"minecraft:mossy_cobblestone":15,"minecraft:sculk_vein":1,"minecraft:jungle_leaves":1,"minecraft:sea_lantern":1,"minecraft:cave_vines_plant":8,"minecraft:granite":7,"minecraft:red_sand":32,"minecraft:grass_block":14,"minecraft:spruce_leaves":3,"minecraft:mud_bricks":40,"minecraft:moss_block":4,"minecraft:sandstone":70,"minecraft:spawner":2,"minecraft:sandstone_stairs":2,"minecraft:tall_seagrass":1,"minecraft:packed_mud":3,"minecraft:furnace":11,"minecraft:iron_ore":130,"minecraft:suspicious_sand":1,"minecraft:andesite":9,"minecraft:cave_vines":13,"minecraft:vine":2,"minecraft:azalea":1,"minecraft:stone":399,"minecraft:orange_glazed_terracotta":3,"minecraft:podzol":1,"minecraft:sandstone_slab":1,"minecraft:cut_sandstone":32,"minecraft:flowering_azalea":1,"minecraft:jungle_door":2,"minecraft:cyan_terracotta":11,"minecraft:kelp_plant":1,"minecraft:orange_terracotta":8,"minecraft:clay":3,"minecraft:smooth_sandstone":93,"minecraft:crafting_table":19,"minecraft:torch":1,"minecraft:short_grass":17,"minecraft:dead_bush":2,"minecraft:mud_brick_stairs":10,"minecraft:melon":5,"minecraft:chest":2,"minecraft:sculk_sensor":1,"minecraft:tall_grass":12,"minecraft:cobblestone":17,"minecraft:lapis_ore":3,"minecraft:oak_planks":35,"minecraft:sculk":16,"minecraft:diorite":67,"minecraft:smooth_sandstone_slab":13,"minecraft:wall_torch":15,"minecraft:red_terracotta":7,"minecraft:coarse_dirt":2,"minecraft:blue_terracotta":11,"minecraft:spruce_log":68,"minecraft:birch_leaves":2,"minecraft:yellow_glazed_terracotta":7,"minecraft:oak_log":36,"minecraft:coal_ore":402,"minecraft:cocoa":10,"minecraft:gravel":6,"minecraft:sand":70,"minecraft:dirt":11,"minecraft:cobweb":28,"minecraft:terracotta":10,"minecraft:small_dripleaf":2,"minecraft:gold_ore":110,"minecraft:oak_leaves":12,"minecraft:deepslate":1,"minecraft:fern":2,"minecraft:suspicious_gravel":1},"minecraft:dropped":{"minecraft:iron_ingot":1,"minecraft:moss_block":1,"minecraft:wheat_seeds":1,"minecraft:crafting_table":3,"minecraft:cooked_porkchop":2,"minecraft:oak_fence":1,"minecraft:cobblestone":5,"minecraft:granite":1,"minecraft:tropical_fish":2,"minecraft:rail":1,"minecraft:golden_apple":1,"minecraft:stick":3,"minecraft:pufferfish":3,"minecraft:packed_mud":3,"minecraft:dirt":4,"minecraft:diorite":1,"minecraft:torch":4,"minecraft:wooden_axe":2,"minecraft:cooked_cod":2,"minecraft:yellow_glazed_terracotta":7,"minecraft:mud_brick_stairs":10,"minecraft:lily_pad":1,"minecraft:redstone":7,"minecraft:gravel":4,"minecraft:stone_sword":1,"minecraft:cooked_chicken":3,"minecraft:raw_iron":11,"minecraft:clay_ball":1,"minecraft:rotten_flesh":13,"minecraft:oak_planks":24,"minecraft:cooked_mutton":6,"minecraft:potato":6,"minecraft:mud_bricks":12,"minecraft:spruce_planks":20,"minecraft:andesite":1,"minecraft:azalea":1,"minecraft:oak_sapling":1,"minecraft:spider_eye":4,"minecraft:arrow":2,"minecraft:bow":2,"minecraft:stone_pickaxe":1,"minecraft:raw_gold":3},"minecraft:killed":{"minecraft:armadillo":1,"minecraft:cave_spider":6,"minecraft:witch":1,"minecraft:spider":8,"minecraft:cod":5,"minecraft:skeleton":7,"minecraft:chicken":8,"minecraft:axolotl":1,"minecraft:tropical_fish":3,"minecraft:pig":3,"minecraft:zombie_villager":1,"minecraft:salmon":14,"minecraft:rabbit":2,"minecraft:creeper":1,"minecraft:sheep":11,"minecraft:zombie":20},"minecraft:custom":{"minecraft:mob_kills":92,"minecraft:interact_with_crafting_table":78,"minecraft:leave_game":1,"minecraft:time_since_death":19462,"minecraft:climb_one_cm":6659,"minecraft:sprint_one_cm":715232,"minecraft:walk_one_cm":2036014,"minecraft:damage_blocked_by_shield":190,"minecraft:drop":75,"minecraft:play_time":458513,"minecraft:deaths":5,"minecraft:sneak_time":43825,"minecraft:walk_under_water_one_cm":122655,"minecraft:boat_one_cm":317724,"minecraft:jump":5332,"minecraft:walk_on_water_one_cm":135011,"minecraft:total_world_time":458513,"minecraft:interact_with_furnace":191,"minecraft:sleep_in_bed":4,"minecraft:time_since_rest":19641,"minecraft:damage_taken":4268,"minecraft:damage_dealt":11521,"minecraft:swim_one_cm":175989,"minecraft:fly_one_cm":598646,"minecraft:open_chest":93,"minecraft:crouch_one_cm":107918,"minecraft:fish_caught":53,"minecraft:fall_one_cm":89831},"minecraft:crafted":{"minecraft:oak_planks":120,"minecraft:golden_chestplate":1,"minecraft:furnace":7,"minecraft:cooked_mutton":12,"minecraft:spruce_pressure_plate":1,"minecraft:iron_boots":1,"minecraft:stone_pickaxe":7,"minecraft:chest":3,"minecraft:spruce_boat":1,"minecraft:golden_helmet":1,"minecraft:cooked_rabbit":2,"minecraft:cooked_cod":27,"minecraft:diamond_sword":1,"minecraft:cooked_porkchop":5,"minecraft:crafting_table":3,"minecraft:spruce_planks":260,"minecraft:dried_kelp":5,"minecraft:wooden_pickaxe":2,"minecraft:iron_sword":1,"minecraft:cooked_salmon":22,"minecraft:sandstone_slab":54,"minecraft:stone_axe":2,"minecraft:air":0,"minecraft:stick":232,"minecraft:iron_ingot":152,"minecraft:iron_pickaxe":4,"minecraft:wooden_axe":2,"minecraft:stone_sword":3,"minecraft:gold_ingot":16,"minecraft:white_bed":1,"minecraft:torch":520},"minecraft:used":{"minecraft:moss_carpet":3,"minecraft:blue_terracotta":3,"minecraft:red_sand":3,"minecraft:stone_sword":209,"minecraft:dried_kelp":5,"minecraft:spruce_planks":105,"minecraft:chest":6,"minecraft:shield":8,"minecraft:iron_sword":142,"minecraft:cooked_salmon":26,"minecraft:cooked_chicken":3,"minecraft:torch":158,"minecraft:dirt":17,"minecraft:granite":6,"minecraft:spruce_boat":6,"minecraft:wooden_axe":70,"minecraft:cyan_terracotta":3,"minecraft:smooth_sandstone":83,"minecraft:oak_sapling":4,"minecraft:furnace":17,"minecraft:cooked_cod":22,"minecraft:orange_terracotta":3,"minecraft:cooked_mutton":2,"minecraft:diorite":3,"minecraft:baked_potato":6,"minecraft:stone_pickaxe":859,"minecraft:oak_planks":10,"minecraft:smooth_sandstone_slab":4,"minecraft:wooden_pickaxe":114,"minecraft:sandstone":4,"minecraft:cut_sandstone":13,"minecraft:terracotta":6,"minecraft:glow_berries":11,"minecraft:mossy_cobblestone":11,"minecraft:sand":4,"minecraft:yellow_terracotta":3,"minecraft:crafting_table":18,"minecraft:white_bed":1,"minecraft:apple":1,"minecraft:melon_slice":15,"minecraft:iron_pickaxe":628,"minecraft:spruce_pressure_plate":1,"minecraft:red_terracotta":4,"minecraft:gravel":2,"minecraft:stone_axe":68,"minecraft:diamond_sword":16,"minecraft:fishing_rod":89,"minecraft:cobblestone":141,"minecraft:cooked_porkchop":3,"minecraft:jungle_door":1,"minecraft:cooked_rabbit":2,"minecraft:sandstone_slab":55,"minecraft:coarse_dirt":2},"minecraft:picked_up":{"minecraft:wooden_axe":2,"minecraft:fishing_rod":2,"minecraft:cocoa_beans":20,"minecraft:coarse_dirt":2,"minecraft:crafting_table":23,"minecraft:sandstone_slab":1,"minecraft:clay_ball":22,"minecraft:chicken":7,"minecraft:potion":1,"minecraft:shield":2,"minecraft:string":49,"minecraft:moss_carpet":3,"minecraft:cooked_salmon":11,"minecraft:iron_leggings":1,"minecraft:orange_glazed_terracotta":6,"minecraft:pufferfish":7,"minecraft:red_sand":32,"minecraft:cobbled_deepslate":1,"minecraft:spruce_planks":83,"minecraft:azalea":1,"minecraft:iron_pickaxe":2,"minecraft:melon_slice":49,"minecraft:chest":3,"minecraft:iron_boots":2,"minecraft:furnace":12,"minecraft:stick":25,"minecraft:raw_iron":133,"minecraft:sandstone":63,"minecraft:jungle_door":2,"minecraft:big_dripleaf":1,"minecraft:oak_fence":1,"minecraft:torch":94,"minecraft:bowl":1,"minecraft:porkchop":7,"minecraft:diorite":70,"minecraft:redstone":7,"minecraft:golden_chestplate":1,"minecraft:prismarine_crystals":2,"minecraft:rabbit_foot":2,"minecraft:smooth_sandstone_slab":14,"minecraft:cooked_cod":11,"minecraft:stone_sword":1,"minecraft:arrow":3,"minecraft:rotten_flesh":16,"minecraft:tropical_fish":4,"minecraft:sandstone_stairs":2,"minecraft:cyan_terracotta":11,"minecraft:yellow_terracotta":3,"minecraft:gold_ingot":1,"minecraft:saddle":1,"minecraft:glow_berries":7,"minecraft:mutton":24,"minecraft:rail":1,"minecraft:cod":37,"minecraft:white_wool":17,"minecraft:cobblestone":476,"minecraft:mud_bricks":92,"minecraft:tripwire_hook":1,"minecraft:andesite":2,"minecraft:salmon":36,"minecraft:leather":1,"minecraft:cut_sandstone":32,"minecraft:mud_brick_stairs":30,"minecraft:packed_mud":9,"minecraft:lily_pad":1,"minecraft:oak_log":31,"minecraft:yellow_glazed_terracotta":21,"minecraft:lapis_lazuli":19,"minecraft:dirt":29,"minecraft:name_tag":1,"minecraft:orange_terracotta":8,"minecraft:bone":9,"minecraft:smooth_sandstone":89,"minecraft:apple":1,"minecraft:kelp":2,"minecraft:bow":2,"minecraft:wheat_seeds":2,"minecraft:raw_gold":113,"minecraft:rabbit_hide":1,"minecraft:iron_ingot":9,"minecraft:cooked_chicken":6,"minecraft:rabbit":2,"minecraft:oak_planks":38,"minecraft:moss_block":5,"minecraft:iron_sword":1,"minecraft:flowering_azalea":1,"minecraft:gravel":7,"minecraft:sand":67,"minecraft:spruce_log":65,"minecraft:spider_eye":4,"minecraft:red_terracotta":9,"minecraft:mossy_cobblestone":15,"minecraft:blue_terracotta":11,"minecraft:stone_axe":2,"minecraft:spruce_boat":7,"minecraft:granite":11,"minecraft:bone_meal":1,"minecraft:golden_apple":1,"minecraft:emerald":4,"minecraft:baked_potato":11,"minecraft:terracotta":17,"minecraft:oak_sapling":6,"minecraft:coal":547}},"DataVersion":3953}