{"stats":{"minecraft:mined":{"minecraft:podzol":1,"minecraft:spruce_planks":8,"minecraft:cyan_terracotta":11,"minecraft:mossy_cobblestone":15,"minecraft:kelp_plant":1,"minecraft:crafting_table":9,"minecraft:short_grass":1,"minecraft:grass_block":3,"minecraft:mud_brick_stairs":10,"minecraft:cobblestone":2,"minecraft:spruce_leaves":3,"minecraft:mud_bricks":40,"minecraft:red_terracotta":6,"minecraft:blue_terracotta":11,"minecraft:packed_mud":3,"minecraft:furnace":5,"minecraft:iron_ore":7,"minecraft:spruce_log":68,"minecraft:andesite":1,"minecraft:yellow_glazed_terracotta":7,"minecraft:coal_ore":109,"minecraft:gravel":3,"minecraft:dirt":8,"minecraft:stone":205,"minecraft:yellow_terracotta":3,"minecraft:fern":1,"minecraft:suspicious_gravel":1,"minecraft:orange_glazed_terracotta":3},"minecraft:custom":{"minecraft:interact_with_furnace":41,"minecraft:mob_kills":24,"minecraft:interact_with_crafting_table":20,"minecraft:leave_game":1,"minecraft:time_since_death":43709,"minecraft:time_since_rest":43857,"minecraft:sprint_one_cm":91735,"minecraft:damage_taken":951,"minecraft:walk_one_cm":241095,"minecraft:drop":6,"minecraft:damage_dealt":1554,"minecraft:swim_one_cm":35992,"minecraft:fly_one_cm":41699,"minecraft:open_chest":3,"minecraft:crouch_one_cm":9105,"minecraft:play_time":78745,"minecraft:deaths":1,"minecraft:sneak_time":5226,"minecraft:walk_under_water_one_cm":37094,"minecraft:jump":684,"minecraft:walk_on_water_one_cm":35838,"minecraft:total_world_time":78745,"minecraft:fish_caught":13,"minecraft:fall_one_cm":10224},"minecraft:killed_by":{"minecraft:drowned":1},"minecraft:dropped":{"minecraft:crafting_table":1,"minecraft:cooked_porkchop":2,"minecraft:raw_iron":3,"minecraft:torch":4,"minecraft:spruce_planks":20,"minecraft:wooden_axe":1},"minecraft:killed":{"minecraft:pig":2,"minecraft:salmon":14,"minecraft:cod":5,"minecraft:sheep":1,"minecraft:zombie":1,"minecraft:chicken":1},"minecraft:used":{"minecraft:stone_sword":56,"minecraft:stone_pickaxe":335,"minecraft:dried_kelp":5,"minecraft:spruce_planks":28,"minecraft:wooden_pickaxe":114,"minecraft:cooked_salmon":7,"minecraft:torch":12,"minecraft:mossy_cobblestone":11,"minecraft:dirt":6,"minecraft:crafting_table":8,"minecraft:wooden_axe":62,"minecraft:iron_pickaxe":1,"minecraft:gravel":2,"minecraft:stone_axe":5,"minecraft:fishing_rod":19,"minecraft:cobblestone":5,"minecraft:furnace":8,"minecraft:oak_sapling":1,"minecraft:cooked_cod":4},"minecraft:broken":{"minecraft:stone_pickaxe":1,"minecraft:wooden_pickaxe":2},"minecraft:picked_up":{"minecraft:wooden_axe":1,"minecraft:crafting_table":9,"minecraft:mud_bricks":40,"minecraft:chicken":1,"minecraft:salmon":20,"minecraft:mud_brick_stairs":10,"minecraft:packed_mud":3,"minecraft:oak_log":1,"minecraft:yellow_glazed_terracotta":7,"minecraft:dirt":12,"minecraft:pufferfish":1,"minecraft:orange_glazed_terracotta":3,"minecraft:kelp":2,"minecraft:bow":1,"minecraft:spruce_planks":80,"minecraft:furnace":5,"minecraft:raw_iron":10,"minecraft:torch":5,"minecraft:gravel":3,"minecraft:porkchop":4,"minecraft:spruce_log":65,"minecraft:red_terracotta":6,"minecraft:mossy_cobblestone":15,"minecraft:blue_terracotta":11,"minecraft:rotten_flesh":2,"minecraft:stone_axe":1,"minecraft:yellow_terracotta":3,"minecraft:cyan_terracotta":11,"minecraft:bone_meal":1,"minecraft:oak_sapling":1,"minecraft:coal":107,"minecraft:cod":10,"minecraft:cobblestone":206},"minecraft:crafted":{"minecraft:cooked_cod":4,"minecraft:cooked_porkchop":2,"minecraft:crafting_table":2,"minecraft:spruce_planks":260,"minecraft:dried_kelp":5,"minecraft:wooden_pickaxe":2,"minecraft:furnace":4,"minecraft:cooked_salmon":15,"minecraft:air":0,"minecraft:stick":104,"minecraft:iron_ingot":3,"minecraft:iron_pickaxe":1,"minecraft:stone_pickaxe":3,"minecraft:wooden_axe":2,"minecraft:stone_sword":2,"minecraft:torch":80}},"DataVersion":3953}