{"stats":{"minecraft:broken":{"minecraft:stone_pickaxe":4,"minecraft:wooden_pickaxe":2},"minecraft:killed_by":{"minecraft:drowned":1},"minecraft:mined":{"minecraft:podzol":1,"minecraft:cut_sandstone":12,"minecraft:spruce_planks":9,"minecraft:jungle_door":1,"minecraft:cyan_terracotta":11,"minecraft:mossy_cobblestone":15,"minecraft:kelp_plant":1,"minecraft:orange_terracotta":5,"minecraft:smooth_sandstone":84,"minecraft:crafting_table":11,"minecraft:short_grass":11,"minecraft:red_sand":29,"minecraft:grass_block":6,"minecraft:mud_brick_stairs":10,"minecraft:tall_grass":4,"minecraft:cobblestone":9,"minecraft:spruce_leaves":3,"minecraft:mud_bricks":40,"minecraft:smooth_sandstone_slab":3,"minecraft:sandstone_stairs":2,"minecraft:red_terracotta":7,"minecraft:blue_terracotta":11,"minecraft:furnace":5,"minecraft:packed_mud":3,"minecraft:iron_ore":7,"minecraft:spruce_log":68,"minecraft:birch_leaves":1,"minecraft:andesite":1,"minecraft:yellow_glazed_terracotta":7,"minecraft:coal_ore":219,"minecraft:sand":17,"minecraft:gravel":3,"minecraft:dirt":9,"minecraft:terracotta":10,"minecraft:stone":217,"minecraft:oak_leaves":1,"minecraft:fern":1,"minecraft:orange_glazed_terracotta":3,"minecraft:suspicious_gravel":1,"minecraft:yellow_terracotta":3},"minecraft:dropped":{"minecraft:gravel":1,"minecraft:crafting_table":1,"minecraft:cooked_porkchop":2,"minecraft:raw_iron":3,"minecraft:rotten_flesh":2,"minecraft:dirt":4,"minecraft:torch":4,"minecraft:spruce_planks":20,"minecraft:wooden_axe":1,"minecraft:mud_brick_stairs":10,"minecraft:oak_sapling":1,"minecraft:bow":2},"minecraft:killed":{"minecraft:pig":3,"minecraft:salmon":14,"minecraft:cod":5,"minecraft:sheep":11,"minecraft:zombie":1,"minecraft:chicken":8},"minecraft:custom":{"minecraft:interact_with_furnace":46,"minecraft:mob_kills":42,"minecraft:interact_with_crafting_table":33,"minecraft:leave_game":1,"minecraft:time_since_death":123477,"minecraft:sleep_in_bed":2,"minecraft:time_since_rest":4114,"minecraft:sprint_one_cm":255508,"minecraft:damage_taken":1031,"minecraft:walk_one_cm":586909,"minecraft:drop":13,"minecraft:damage_dealt":2772,"minecraft:swim_one_cm":46186,"minecraft:fly_one_cm":245756,"minecraft:open_chest":13,"minecraft:crouch_one_cm":17346,"minecraft:play_time":158513,"minecraft:deaths":1,"minecraft:sneak_time":7683,"minecraft:walk_under_water_one_cm":42416,"minecraft:boat_one_cm":317724,"minecraft:jump":1480,"minecraft:walk_on_water_one_cm":54306,"minecraft:total_world_time":158513,"minecraft:fish_caught":15,"minecraft:fall_one_cm":22483},"minecraft:crafted":{"minecraft:cooked_cod":4,"minecraft:cooked_porkchop":5,"minecraft:crafting_table":2,"minecraft:spruce_planks":260,"minecraft:dried_kelp":5,"minecraft:wooden_pickaxe":2,"minecraft:furnace":5,"minecraft:cooked_salmon":15,"minecraft:air":0,"minecraft:stick":104,"minecraft:iron_ingot":3,"minecraft:iron_pickaxe":1,"minecraft:stone_pickaxe":6,"minecraft:wooden_axe":2,"minecraft:stone_sword":2,"minecraft:chest":2,"minecraft:white_bed":1,"minecraft:spruce_boat":1,"minecraft:torch":80},"minecraft:used":{"minecraft:blue_terracotta":3,"minecraft:stone_sword":101,"minecraft:stone_pickaxe":623,"minecraft:dried_kelp":5,"minecraft:smooth_sandstone_slab":4,"minecraft:chest":2,"minecraft:spruce_planks":105,"minecraft:wooden_pickaxe":114,"minecraft:cut_sandstone":12,"minecraft:cooked_salmon":13,"minecraft:torch":13,"minecraft:mossy_cobblestone":11,"minecraft:dirt":6,"minecraft:yellow_terracotta":3,"minecraft:crafting_table":10,"minecraft:white_bed":1,"minecraft:spruce_boat":6,"minecraft:wooden_axe":66,"minecraft:cyan_terracotta":3,"minecraft:smooth_sandstone":54,"minecraft:iron_pickaxe":1,"minecraft:red_terracotta":4,"minecraft:gravel":2,"minecraft:stone_axe":5,"minecraft:fishing_rod":22,"minecraft:cobblestone":25,"minecraft:cooked_porkchop":1,"minecraft:furnace":9,"minecraft:oak_sapling":1,"minecraft:cooked_cod":4,"minecraft:orange_terracotta":3},"minecraft:picked_up":{"minecraft:wooden_axe":1,"minecraft:crafting_table":11,"minecraft:mud_bricks":40,"minecraft:chicken":7,"minecraft:salmon":20,"minecraft:cut_sandstone":12,"minecraft:mud_brick_stairs":20,"minecraft:packed_mud":3,"minecraft:oak_log":1,"minecraft:yellow_glazed_terracotta":7,"minecraft:dirt":15,"minecraft:orange_terracotta":5,"minecraft:smooth_sandstone":83,"minecraft:orange_glazed_terracotta":3,"minecraft:pufferfish":1,"minecraft:kelp":2,"minecraft:bow":2,"minecraft:wheat_seeds":1,"minecraft:red_sand":29,"minecraft:spruce_planks":81,"minecraft:furnace":5,"minecraft:raw_iron":10,"minecraft:jungle_door":1,"minecraft:torch":6,"minecraft:sand":17,"minecraft:gravel":4,"minecraft:porkchop":7,"minecraft:spruce_log":65,"minecraft:red_terracotta":7,"minecraft:mossy_cobblestone":15,"minecraft:smooth_sandstone_slab":4,"minecraft:blue_terracotta":11,"minecraft:rotten_flesh":2,"minecraft:spruce_boat":6,"minecraft:stone_axe":1,"minecraft:sandstone_stairs":2,"minecraft:bone_meal":1,"minecraft:cyan_terracotta":11,"minecraft:yellow_terracotta":3,"minecraft:emerald":2,"minecraft:terracotta":10,"minecraft:mutton":12,"minecraft:oak_sapling":2,"minecraft:white_wool":10,"minecraft:cobblestone":224,"minecraft:cod":11,"minecraft:coal":217}},"DataVersion":3953}