{"stats":{"minecraft:broken":{"minecraft:stone_pickaxe":3,"minecraft:wooden_pickaxe":2},"minecraft:killed_by":{"minecraft:drowned":1},"minecraft:mined":{"minecraft:podzol":1,"minecraft:cut_sandstone":10,"minecraft:spruce_planks":8,"minecraft:jungle_door":1,"minecraft:cyan_terracotta":11,"minecraft:mossy_cobblestone":15,"minecraft:kelp_plant":1,"minecraft:smooth_sandstone":23,"minecraft:crafting_table":11,"minecraft:short_grass":11,"minecraft:grass_block":6,"minecraft:mud_brick_stairs":10,"minecraft:tall_grass":4,"minecraft:cobblestone":6,"minecraft:spruce_leaves":3,"minecraft:mud_bricks":40,"minecraft:smooth_sandstone_slab":3,"minecraft:sandstone_stairs":2,"minecraft:red_terracotta":6,"minecraft:blue_terracotta":11,"minecraft:furnace":5,"minecraft:packed_mud":3,"minecraft:iron_ore":7,"minecraft:spruce_log":68,"minecraft:birch_leaves":1,"minecraft:andesite":1,"minecraft:yellow_glazed_terracotta":7,"minecraft:coal_ore":219,"minecraft:gravel":3,"minecraft:dirt":9,"minecraft:terracotta":4,"minecraft:stone":217,"minecraft:oak_leaves":1,"minecraft:fern":1,"minecraft:orange_glazed_terracotta":3,"minecraft:suspicious_gravel":1,"minecraft:yellow_terracotta":3},"minecraft:dropped":{"minecraft:gravel":1,"minecraft:crafting_table":1,"minecraft:cooked_porkchop":2,"minecraft:raw_iron":3,"minecraft:rotten_flesh":2,"minecraft:dirt":4,"minecraft:torch":4,"minecraft:spruce_planks":20,"minecraft:wooden_axe":1,"minecraft:mud_brick_stairs":10,"minecraft:oak_sapling":1,"minecraft:bow":2},"minecraft:killed":{"minecraft:pig":3,"minecraft:salmon":14,"minecraft:cod":5,"minecraft:sheep":11,"minecraft:zombie":1,"minecraft:chicken":8},"minecraft:custom":{"minecraft:interact_with_furnace":44,"minecraft:mob_kills":42,"minecraft:interact_with_crafting_table":30,"minecraft:leave_game":1,"minecraft:time_since_death":99477,"minecraft:time_since_rest":99625,"minecraft:sprint_one_cm":248599,"minecraft:damage_taken":1031,"minecraft:walk_one_cm":438051,"minecraft:drop":13,"minecraft:damage_dealt":2772,"minecraft:swim_one_cm":46186,"minecraft:fly_one_cm":242776,"minecraft:open_chest":10,"minecraft:crouch_one_cm":15246,"minecraft:play_time":134513,"minecraft:deaths":1,"minecraft:sneak_time":6818,"minecraft:walk_under_water_one_cm":42416,"minecraft:boat_one_cm":317724,"minecraft:jump":1412,"minecraft:walk_on_water_one_cm":53669,"minecraft:total_world_time":134513,"minecraft:fish_caught":15,"minecraft:fall_one_cm":22065},"minecraft:crafted":{"minecraft:cooked_cod":4,"minecraft:cooked_porkchop":5,"minecraft:crafting_table":2,"minecraft:spruce_planks":260,"minecraft:dried_kelp":5,"minecraft:wooden_pickaxe":2,"minecraft:furnace":5,"minecraft:cooked_salmon":15,"minecraft:air":0,"minecraft:stick":104,"minecraft:iron_ingot":3,"minecraft:iron_pickaxe":1,"minecraft:stone_pickaxe":5,"minecraft:wooden_axe":2,"minecraft:stone_sword":2,"minecraft:chest":2,"minecraft:white_bed":1,"minecraft:spruce_boat":1,"minecraft:torch":80},"minecraft:used":{"minecraft:stone_sword":101,"minecraft:stone_pickaxe":503,"minecraft:dried_kelp":5,"minecraft:chest":2,"minecraft:spruce_planks":31,"minecraft:wooden_pickaxe":114,"minecraft:cooked_salmon":13,"minecraft:torch":13,"minecraft:mossy_cobblestone":11,"minecraft:dirt":6,"minecraft:crafting_table":10,"minecraft:white_bed":1,"minecraft:spruce_boat":6,"minecraft:wooden_axe":65,"minecraft:smooth_sandstone":4,"minecraft:iron_pickaxe":1,"minecraft:gravel":2,"minecraft:stone_axe":5,"minecraft:fishing_rod":22,"minecraft:cobblestone":22,"minecraft:cooked_porkchop":1,"minecraft:furnace":9,"minecraft:oak_sapling":1,"minecraft:cooked_cod":4},"minecraft:picked_up":{"minecraft:wooden_axe":1,"minecraft:crafting_table":11,"minecraft:mud_bricks":40,"minecraft:chicken":7,"minecraft:salmon":20,"minecraft:cut_sandstone":10,"minecraft:mud_brick_stairs":20,"minecraft:packed_mud":3,"minecraft:oak_log":1,"minecraft:yellow_glazed_terracotta":7,"minecraft:dirt":15,"minecraft:smooth_sandstone":23,"minecraft:orange_glazed_terracotta":3,"minecraft:pufferfish":1,"minecraft:kelp":2,"minecraft:bow":2,"minecraft:wheat_seeds":1,"minecraft:spruce_planks":80,"minecraft:furnace":5,"minecraft:raw_iron":10,"minecraft:jungle_door":1,"minecraft:torch":6,"minecraft:gravel":4,"minecraft:porkchop":7,"minecraft:spruce_log":65,"minecraft:red_terracotta":6,"minecraft:mossy_cobblestone":15,"minecraft:smooth_sandstone_slab":4,"minecraft:blue_terracotta":11,"minecraft:rotten_flesh":2,"minecraft:spruce_boat":6,"minecraft:stone_axe":1,"minecraft:sandstone_stairs":2,"minecraft:bone_meal":1,"minecraft:cyan_terracotta":11,"minecraft:yellow_terracotta":3,"minecraft:emerald":2,"minecraft:terracotta":4,"minecraft:mutton":12,"minecraft:oak_sapling":2,"minecraft:white_wool":10,"minecraft:cobblestone":221,"minecraft:cod":11,"minecraft:coal":217}},"DataVersion":3953}