{"stats":{"minecraft:broken":{"minecraft:wooden_pickaxe":2,"minecraft:stone_pickaxe":4},"minecraft:killed_by":{"minecraft:drowned":1},"minecraft:mined":{"minecraft:yellow_terracotta":3,"minecraft:spruce_planks":9,"minecraft:mossy_cobblestone":15,"minecraft:red_sand":29,"minecraft:grass_block":6,"minecraft:spruce_leaves":3,"minecraft:mud_bricks":40,"minecraft:sandstone":34,"minecraft:sandstone_stairs":2,"minecraft:packed_mud":3,"minecraft:furnace":5,"minecraft:iron_ore":7,"minecraft:andesite":1,"minecraft:stone":217,"minecraft:orange_glazed_terracotta":3,"minecraft:podzol":1,"minecraft:sandstone_slab":1,"minecraft:cut_sandstone":31,"minecraft:jungle_door":1,"minecraft:cyan_terracotta":11,"minecraft:kelp_plant":1,"minecraft:orange_terracotta":8,"minecraft:smooth_sandstone":93,"minecraft:crafting_table":11,"minecraft:short_grass":11,"minecraft:mud_brick_stairs":10,"minecraft:chest":2,"minecraft:tall_grass":4,"minecraft:cobblestone":9,"minecraft:smooth_sandstone_slab":13,"minecraft:red_terracotta":7,"minecraft:blue_terracotta":11,"minecraft:spruce_log":68,"minecraft:birch_leaves":1,"minecraft:yellow_glazed_terracotta":7,"minecraft:coal_ore":219,"minecraft:gravel":3,"minecraft:sand":18,"minecraft:dirt":9,"minecraft:terracotta":10,"minecraft:oak_leaves":1,"minecraft:fern":1,"minecraft:suspicious_gravel":1},"minecraft:dropped":{"minecraft:crafting_table":2,"minecraft:cooked_porkchop":2,"minecraft:packed_mud":3,"minecraft:dirt":4,"minecraft:torch":4,"minecraft:wooden_axe":2,"minecraft:yellow_glazed_terracotta":7,"minecraft:mud_brick_stairs":10,"minecraft:gravel":1,"minecraft:raw_iron":3,"minecraft:rotten_flesh":2,"minecraft:mud_bricks":12,"minecraft:spruce_planks":20,"minecraft:oak_sapling":1,"minecraft:bow":2},"minecraft:killed":{"minecraft:cod":5,"minecraft:chicken":8,"minecraft:pig":3,"minecraft:salmon":14,"minecraft:sheep":11,"minecraft:zombie":1},"minecraft:custom":{"minecraft:mob_kills":42,"minecraft:interact_with_crafting_table":37,"minecraft:leave_game":1,"minecraft:time_since_death":135477,"minecraft:sprint_one_cm":263090,"minecraft:walk_one_cm":630158,"minecraft:drop":31,"minecraft:play_time":170513,"minecraft:deaths":1,"minecraft:sneak_time":7922,"minecraft:walk_under_water_one_cm":42416,"minecraft:boat_one_cm":317724,"minecraft:jump":1530,"minecraft:walk_on_water_one_cm":54306,"minecraft:total_world_time":170513,"minecraft:interact_with_furnace":47,"minecraft:sleep_in_bed":3,"minecraft:time_since_rest":3342,"minecraft:damage_taken":1051,"minecraft:damage_dealt":2772,"minecraft:swim_one_cm":46186,"minecraft:fly_one_cm":249864,"minecraft:open_chest":16,"minecraft:crouch_one_cm":17865,"minecraft:fish_caught":15,"minecraft:fall_one_cm":23294},"minecraft:crafted":{"minecraft:furnace":5,"minecraft:stone_pickaxe":6,"minecraft:chest":2,"minecraft:spruce_boat":1,"minecraft:cooked_cod":4,"minecraft:cooked_porkchop":5,"minecraft:crafting_table":2,"minecraft:spruce_planks":260,"minecraft:dried_kelp":5,"minecraft:wooden_pickaxe":2,"minecraft:cooked_salmon":15,"minecraft:sandstone_slab":54,"minecraft:air":0,"minecraft:stick":104,"minecraft:iron_ingot":3,"minecraft:iron_pickaxe":1,"minecraft:wooden_axe":2,"minecraft:stone_sword":2,"minecraft:white_bed":1,"minecraft:torch":80},"minecraft:used":{"minecraft:blue_terracotta":3,"minecraft:red_sand":3,"minecraft:stone_sword":101,"minecraft:dried_kelp":5,"minecraft:spruce_planks":105,"minecraft:chest":4,"minecraft:cooked_salmon":13,"minecraft:torch":15,"minecraft:dirt":6,"minecraft:spruce_boat":6,"minecraft:wooden_axe":68,"minecraft:cyan_terracotta":3,"minecraft:smooth_sandstone":83,"minecraft:oak_sapling":1,"minecraft:furnace":9,"minecraft:cooked_cod":4,"minecraft:orange_terracotta":3,"minecraft:stone_pickaxe":700,"minecraft:smooth_sandstone_slab":4,"minecraft:wooden_pickaxe":114,"minecraft:cut_sandstone":13,"minecraft:mossy_cobblestone":11,"minecraft:yellow_terracotta":3,"minecraft:crafting_table":10,"minecraft:white_bed":1,"minecraft:iron_pickaxe":1,"minecraft:red_terracotta":4,"minecraft:gravel":2,"minecraft:stone_axe":5,"minecraft:fishing_rod":22,"minecraft:cobblestone":25,"minecraft:cooked_porkchop":1,"minecraft:sandstone_slab":55},"minecraft:picked_up":{"minecraft:wooden_axe":2,"minecraft:fishing_rod":1,"minecraft:crafting_table":13,"minecraft:sandstone_slab":1,"minecraft:chicken":7,"minecraft:orange_glazed_terracotta":6,"minecraft:pufferfish":2,"minecraft:red_sand":29,"minecraft:spruce_planks":83,"minecraft:chest":2,"minecraft:furnace":5,"minecraft:raw_iron":11,"minecraft:sandstone":27,"minecraft:jungle_door":1,"minecraft:torch":6,"minecraft:porkchop":7,"minecraft:smooth_sandstone_slab":14,"minecraft:rotten_flesh":2,"minecraft:sandstone_stairs":2,"minecraft:cyan_terracotta":11,"minecraft:yellow_terracotta":3,"minecraft:mutton":24,"minecraft:cod":18,"minecraft:white_wool":17,"minecraft:cobblestone":284,"minecraft:mud_bricks":92,"minecraft:salmon":25,"minecraft:cut_sandstone":31,"minecraft:mud_brick_stairs":30,"minecraft:packed_mud":9,"minecraft:oak_log":1,"minecraft:yellow_glazed_terracotta":21,"minecraft:dirt":15,"minecraft:orange_terracotta":8,"minecraft:smooth_sandstone":89,"minecraft:kelp":2,"minecraft:bow":2,"minecraft:wheat_seeds":1,"minecraft:gravel":4,"minecraft:sand":17,"minecraft:spruce_log":65,"minecraft:red_terracotta":7,"minecraft:mossy_cobblestone":15,"minecraft:blue_terracotta":11,"minecraft:stone_axe":1,"minecraft:spruce_boat":7,"minecraft:bone_meal":1,"minecraft:emerald":4,"minecraft:terracotta":10,"minecraft:oak_sapling":2,"minecraft:coal":313}},"DataVersion":3953}