{"stats":{"minecraft:mined":{"minecraft:spruce_planks":6,"minecraft:oak_sapling":1,"minecraft:oak_door":1,"minecraft:granite":16,"minecraft:grass_block":6,"minecraft:spruce_leaves":5,"minecraft:moss_block":1,"minecraft:large_fern":1,"minecraft:magma_block":3,"minecraft:furnace":9,"minecraft:iron_ore":6,"minecraft:fire":22,"minecraft:gold_block":1,"minecraft:potatoes":9,"minecraft:cave_vines":4,"minecraft:azalea":1,"minecraft:stone":206,"minecraft:podzol":11,"minecraft:mud_brick_slab":1,"minecraft:flowering_azalea":4,"minecraft:orange_terracotta":11,"minecraft:crafting_table":7,"minecraft:torch":2,"minecraft:short_grass":5,"minecraft:cobblestone":23,"minecraft:sugar_cane":28,"minecraft:wall_torch":3,"minecraft:white_terracotta":1,"minecraft:wheat":1,"minecraft:spruce_log":24,"minecraft:birch_leaves":2,"minecraft:coal_ore":39,"minecraft:oak_log":6,"minecraft:gravel":5,"minecraft:dirt":33,"minecraft:netherrack":4,"minecraft:oak_leaves":11,"minecraft:fern":3},"minecraft:custom":{"minecraft:mob_kills":87,"minecraft:interact_with_crafting_table":26,"minecraft:time_since_death":114571,"minecraft:climb_one_cm":167,"minecraft:sprint_one_cm":268137,"minecraft:walk_one_cm":361214,"minecraft:damage_blocked_by_shield":1855,"minecraft:drop":27,"minecraft:play_time":114571,"minecraft:sneak_time":5923,"minecraft:walk_under_water_one_cm":18925,"minecraft:boat_one_cm":79959,"minecraft:jump":2896,"minecraft:walk_on_water_one_cm":24880,"minecraft:total_world_time":114571,"minecraft:interact_with_furnace":51,"minecraft:time_since_rest":114571,"minecraft:damage_taken":1960,"minecraft:damage_dealt":10323,"minecraft:player_kills":1,"minecraft:swim_one_cm":84199,"minecraft:fly_one_cm":438916,"minecraft:open_chest":4,"minecraft:crouch_one_cm":19230,"minecraft:fall_one_cm":83731},"minecraft:killed":{"minecraft:spider":3,"minecraft:skeleton":10,"minecraft:chicken":6,"minecraft:drowned":1,"minecraft:turtle":1,"minecraft:pig":16,"minecraft:salmon":8,"minecraft:creeper":1,"minecraft:squid":1,"minecraft:sheep":5,"minecraft:zombie":11,"minecraft:cow":18},"minecraft:dropped":{"minecraft:brown_mushroom":2,"minecraft:wheat_seeds":2,"minecraft:mud_brick_slab":1,"minecraft:crafting_table":1,"minecraft:poisonous_potato":1,"minecraft:flint":2,"minecraft:dirt":10,"minecraft:wooden_axe":1,"minecraft:cooked_salmon":1,"minecraft:gold_nugget":7,"minecraft:string":1,"minecraft:white_wool":1,"minecraft:dandelion":1,"minecraft:oak_door":1,"minecraft:gravel":1,"minecraft:stone_axe":1,"minecraft:stone_sword":1,"minecraft:rotten_flesh":6,"minecraft:light_gray_wool":1,"minecraft:white_terracotta":1,"minecraft:orange_terracotta":11,"minecraft:oak_sapling":4,"minecraft:wooden_pickaxe":2,"minecraft:netherrack":1},"minecraft:used":{"minecraft:stone_sword":138,"minecraft:spruce_planks":76,"minecraft:shield":62,"minecraft:cooked_salmon":6,"minecraft:stone_hoe":8,"minecraft:cooked_chicken":1,"minecraft:rotten_flesh":2,"minecraft:oak_door":3,"minecraft:torch":58,"minecraft:dirt":7,"minecraft:granite":16,"minecraft:wooden_axe":7,"minecraft:golden_sword":37,"minecraft:furnace":11,"minecraft:oak_sapling":2,"minecraft:cooked_beef":7,"minecraft:potato":12,"minecraft:wheat_seeds":1,"minecraft:cooked_mutton":5,"minecraft:stone_pickaxe":147,"minecraft:baked_potato":12,"minecraft:wooden_pickaxe":29,"minecraft:crafting_table":11,"minecraft:iron_pickaxe":162,"minecraft:spruce_sapling":1,"minecraft:gravel":1,"minecraft:stone_axe":90,"minecraft:cobblestone":179,"minecraft:cooked_porkchop":3,"minecraft:oak_boat":3,"minecraft:bone_meal":21},"minecraft:broken":{"minecraft:stone_pickaxe":1,"minecraft:golden_sword":1,"minecraft:stone_axe":1},"minecraft:picked_up":{"minecraft:wooden_axe":1,"minecraft:mud_brick_slab":1,"minecraft:crafting_table":8,"minecraft:wheat":1,"minecraft:chicken":6,"minecraft:clay_ball":11,"minecraft:brown_mushroom":2,"minecraft:wooden_pickaxe":1,"minecraft:gold_block":1,"minecraft:string":2,"minecraft:cooked_salmon":4,"minecraft:spruce_planks":9,"minecraft:beef":24,"minecraft:oak_boat":1,"minecraft:azalea":2,"minecraft:light_gray_wool":1,"minecraft:sugar_cane":57,"minecraft:birch_sapling":1,"minecraft:furnace":9,"minecraft:stick":4,"minecraft:raw_iron":4,"minecraft:oak_door":1,"minecraft:torch":5,"minecraft:porkchop":39,"minecraft:stone_sword":1,"minecraft:arrow":18,"minecraft:rotten_flesh":8,"minecraft:white_terracotta":1,"minecraft:mutton":2,"minecraft:white_wool":1,"minecraft:cobblestone":248,"minecraft:feather":6,"minecraft:cooked_beef":31,"minecraft:salmon":7,"minecraft:leather":24,"minecraft:potato":37,"minecraft:flint":3,"minecraft:oak_log":6,"minecraft:dirt":73,"minecraft:orange_terracotta":11,"minecraft:cooked_mutton":5,"minecraft:bone":14,"minecraft:wheat_seeds":6,"minecraft:flowering_azalea":4,"minecraft:cooked_porkchop":22,"minecraft:dandelion":1,"minecraft:poisonous_potato":1,"minecraft:gravel":4,"minecraft:spruce_sapling":1,"minecraft:ink_sac":3,"minecraft:spruce_log":38,"minecraft:granite":16,"minecraft:oak_sapling":6,"minecraft:netherrack":1,"minecraft:coal":100},"minecraft:crafted":{"minecraft:oak_door":3,"minecraft:oak_planks":24,"minecraft:cooked_chicken":1,"minecraft:furnace":4,"minecraft:bone_meal":21,"minecraft:stone_pickaxe":2,"minecraft:stone_hoe":1,"minecraft:cooked_beef":3,"minecraft:cooked_porkchop":3,"minecraft:crafting_table":4,"minecraft:spruce_planks":152,"minecraft:wooden_pickaxe":1,"minecraft:baked_potato":12,"minecraft:cooked_salmon":5,"minecraft:stone_axe":3,"minecraft:air":0,"minecraft:oak_boat":2,"minecraft:book":19,"minecraft:paper":57,"minecraft:shield":1,"minecraft:stick":36,"minecraft:iron_ingot":4,"minecraft:iron_pickaxe":1,"minecraft:wooden_axe":1,"minecraft:stone_sword":1,"minecraft:gold_ingot":10,"minecraft:torch":60}},"DataVersion":3953}