{"stats":{"minecraft:mined":{"minecraft:spruce_planks":6,"minecraft:oak_sapling":1,"minecraft:oak_door":1,"minecraft:jungle_leaves":1,"minecraft:granite":16,"minecraft:grass_block":6,"minecraft:spruce_leaves":5,"minecraft:moss_block":1,"minecraft:large_fern":1,"minecraft:magma_block":3,"minecraft:furnace":11,"minecraft:iron_ore":7,"minecraft:fire":22,"minecraft:gold_block":1,"minecraft:potatoes":9,"minecraft:cave_vines":4,"minecraft:azalea":1,"minecraft:stone":208,"minecraft:podzol":11,"minecraft:mud_brick_slab":1,"minecraft:flowering_azalea":4,"minecraft:orange_terracotta":11,"minecraft:light_gray_terracotta":1,"minecraft:crafting_table":7,"minecraft:torch":2,"minecraft:short_grass":6,"minecraft:poppy":1,"minecraft:melon":2,"minecraft:cobblestone":23,"minecraft:sugar_cane":28,"minecraft:wall_torch":3,"minecraft:white_terracotta":32,"minecraft:wheat":1,"minecraft:spruce_log":24,"minecraft:birch_leaves":2,"minecraft:coal_ore":69,"minecraft:oak_log":6,"minecraft:gravel":5,"minecraft:dirt":33,"minecraft:terracotta":9,"minecraft:netherrack":4,"minecraft:oak_leaves":12,"minecraft:fern":3},"minecraft:custom":{"minecraft:mob_kills":90,"minecraft:interact_with_crafting_table":26,"minecraft:time_since_death":126571,"minecraft:climb_one_cm":2156,"minecraft:sprint_one_cm":294890,"minecraft:walk_one_cm":382741,"minecraft:damage_blocked_by_shield":1855,"minecraft:drop":44,"minecraft:play_time":126571,"minecraft:sneak_time":6364,"minecraft:walk_under_water_one_cm":18925,"minecraft:boat_one_cm":125426,"minecraft:jump":3192,"minecraft:walk_on_water_one_cm":27022,"minecraft:total_world_time":126571,"minecraft:interact_with_furnace":61,"minecraft:time_since_rest":126571,"minecraft:damage_taken":2395,"minecraft:damage_dealt":10833,"minecraft:player_kills":1,"minecraft:swim_one_cm":84199,"minecraft:fly_one_cm":491984,"minecraft:open_chest":4,"minecraft:crouch_one_cm":20178,"minecraft:fall_one_cm":92267},"minecraft:killed":{"minecraft:spider":5,"minecraft:skeleton":10,"minecraft:chicken":6,"minecraft:drowned":1,"minecraft:turtle":1,"minecraft:pig":16,"minecraft:salmon":8,"minecraft:creeper":1,"minecraft:squid":1,"minecraft:sheep":5,"minecraft:zombie":12,"minecraft:cow":18},"minecraft:dropped":{"minecraft:brown_mushroom":2,"minecraft:wheat_seeds":5,"minecraft:cooked_beef":9,"minecraft:mud_brick_slab":1,"minecraft:crafting_table":1,"minecraft:cooked_porkchop":22,"minecraft:poisonous_potato":1,"minecraft:stick":6,"minecraft:flint":2,"minecraft:dirt":10,"minecraft:wooden_axe":2,"minecraft:cooked_salmon":1,"minecraft:gold_nugget":7,"minecraft:string":1,"minecraft:white_wool":1,"minecraft:dandelion":1,"minecraft:oak_door":1,"minecraft:gravel":3,"minecraft:stone_axe":1,"minecraft:stone_sword":1,"minecraft:birch_sapling":1,"minecraft:rotten_flesh":6,"minecraft:light_gray_wool":1,"minecraft:cooked_mutton":2,"minecraft:white_terracotta":1,"minecraft:orange_terracotta":11,"minecraft:azalea":2,"minecraft:oak_sapling":4,"minecraft:wooden_pickaxe":2,"minecraft:netherrack":1},"minecraft:used":{"minecraft:stone_sword":148,"minecraft:spruce_planks":76,"minecraft:shield":62,"minecraft:cooked_salmon":8,"minecraft:stone_hoe":8,"minecraft:cooked_chicken":1,"minecraft:rotten_flesh":2,"minecraft:oak_door":3,"minecraft:torch":60,"minecraft:dirt":15,"minecraft:granite":16,"minecraft:wooden_axe":7,"minecraft:golden_sword":37,"minecraft:furnace":13,"minecraft:oak_sapling":2,"minecraft:cooked_beef":8,"minecraft:potato":12,"minecraft:wheat_seeds":1,"minecraft:cooked_mutton":5,"minecraft:stone_pickaxe":147,"minecraft:baked_potato":12,"minecraft:wooden_pickaxe":29,"minecraft:crafting_table":11,"minecraft:iron_pickaxe":240,"minecraft:spruce_sapling":1,"minecraft:gravel":1,"minecraft:stone_axe":90,"minecraft:cobblestone":179,"minecraft:cooked_porkchop":6,"minecraft:oak_boat":4,"minecraft:bone_meal":21},"minecraft:broken":{"minecraft:stone_pickaxe":1,"minecraft:golden_sword":1,"minecraft:stone_axe":1},"minecraft:picked_up":{"minecraft:wooden_axe":1,"minecraft:mud_brick_slab":1,"minecraft:crafting_table":8,"minecraft:wheat":1,"minecraft:chicken":6,"minecraft:clay_ball":11,"minecraft:brown_mushroom":2,"minecraft:wooden_pickaxe":1,"minecraft:gold_block":1,"minecraft:string":4,"minecraft:cooked_salmon":4,"minecraft:spruce_planks":9,"minecraft:beef":24,"minecraft:oak_boat":3,"minecraft:azalea":2,"minecraft:light_gray_wool":1,"minecraft:melon_slice":9,"minecraft:sugar_cane":57,"minecraft:birch_sapling":1,"minecraft:furnace":11,"minecraft:stick":7,"minecraft:raw_iron":5,"minecraft:oak_door":1,"minecraft:torch":5,"minecraft:porkchop":39,"minecraft:stone_sword":1,"minecraft:arrow":18,"minecraft:rotten_flesh":8,"minecraft:white_terracotta":30,"minecraft:mutton":2,"minecraft:white_wool":1,"minecraft:cobblestone":250,"minecraft:feather":6,"minecraft:cooked_beef":31,"minecraft:salmon":7,"minecraft:leather":24,"minecraft:potato":37,"minecraft:flint":3,"minecraft:oak_log":6,"minecraft:dirt":73,"minecraft:orange_terracotta":11,"minecraft:cooked_mutton":5,"minecraft:bone":14,"minecraft:wheat_seeds":6,"minecraft:flowering_azalea":4,"minecraft:cooked_porkchop":44,"minecraft:dandelion":1,"minecraft:poisonous_potato":1,"minecraft:gravel":4,"minecraft:spruce_sapling":1,"minecraft:ink_sac":3,"minecraft:spruce_log":38,"minecraft:granite":16,"minecraft:terracotta":9,"minecraft:oak_sapling":6,"minecraft:netherrack":1,"minecraft:coal":140},"minecraft:crafted":{"minecraft:oak_door":3,"minecraft:oak_planks":24,"minecraft:cooked_chicken":1,"minecraft:furnace":4,"minecraft:bone_meal":21,"minecraft:cooked_mutton":2,"minecraft:stone_pickaxe":2,"minecraft:stone_hoe":1,"minecraft:cooked_beef":6,"minecraft:cooked_porkchop":11,"minecraft:crafting_table":4,"minecraft:spruce_planks":152,"minecraft:wooden_pickaxe":1,"minecraft:baked_potato":12,"minecraft:cooked_salmon":5,"minecraft:stone_axe":3,"minecraft:air":0,"minecraft:oak_boat":2,"minecraft:book":19,"minecraft:paper":57,"minecraft:shield":1,"minecraft:stick":36,"minecraft:iron_ingot":5,"minecraft:iron_pickaxe":1,"minecraft:wooden_axe":1,"minecraft:stone_sword":1,"minecraft:gold_ingot":10,"minecraft:torch":60}},"DataVersion":3953}