{"stats":{"minecraft:mined":{"minecraft:mud_brick_slab":1,"minecraft:spruce_planks":4,"minecraft:oak_sapling":1,"minecraft:orange_terracotta":11,"minecraft:crafting_table":4,"minecraft:grass_block":1,"minecraft:cobblestone":10,"minecraft:spruce_leaves":4,"minecraft:white_terracotta":1,"minecraft:furnace":2,"minecraft:iron_ore":5,"minecraft:spruce_log":16,"minecraft:coal_ore":37,"minecraft:gravel":3,"minecraft:dirt":2,"minecraft:stone":98,"minecraft:oak_leaves":2},"minecraft:custom":{"minecraft:interact_with_furnace":21,"minecraft:mob_kills":15,"minecraft:interact_with_crafting_table":9,"minecraft:time_since_death":30571,"minecraft:time_since_rest":30571,"minecraft:sprint_one_cm":59615,"minecraft:damage_taken":667,"minecraft:walk_one_cm":126056,"minecraft:drop":1,"minecraft:damage_dealt":2576,"minecraft:swim_one_cm":1880,"minecraft:fly_one_cm":80440,"minecraft:player_kills":1,"minecraft:crouch_one_cm":4726,"minecraft:play_time":30571,"minecraft:sneak_time":1398,"minecraft:walk_under_water_one_cm":1578,"minecraft:jump":662,"minecraft:walk_on_water_one_cm":1205,"minecraft:total_world_time":30571,"minecraft:fall_one_cm":17905},"minecraft:killed":{"minecraft:creeper":1,"minecraft:skeleton":5,"minecraft:zombie":5,"minecraft:cow":2},"minecraft:dropped":{"minecraft:stone_axe":1},"minecraft:used":{"minecraft:stone_sword":11,"minecraft:stone_pickaxe":142,"minecraft:spruce_planks":60,"minecraft:wooden_pickaxe":29,"minecraft:cooked_salmon":2,"minecraft:rotten_flesh":2,"minecraft:torch":30,"minecraft:crafting_table":4,"minecraft:wooden_axe":7,"minecraft:spruce_sapling":1,"minecraft:gravel":1,"minecraft:stone_axe":39,"minecraft:cobblestone":68,"minecraft:oak_sapling":2,"minecraft:furnace":3,"minecraft:cooked_beef":4},"minecraft:broken":{"minecraft:stone_pickaxe":1},"minecraft:picked_up":{"minecraft:wooden_axe":1,"minecraft:mud_brick_slab":1,"minecraft:crafting_table":5,"minecraft:cooked_beef":1,"minecraft:salmon":2,"minecraft:leather":4,"minecraft:brown_mushroom":2,"minecraft:wooden_pickaxe":1,"minecraft:potato":1,"minecraft:flint":1,"minecraft:dirt":12,"minecraft:orange_terracotta":11,"minecraft:bone":7,"minecraft:wheat_seeds":1,"minecraft:spruce_planks":7,"minecraft:beef":5,"minecraft:furnace":2,"minecraft:stick":4,"minecraft:raw_iron":4,"minecraft:dandelion":1,"minecraft:gravel":2,"minecraft:spruce_sapling":1,"minecraft:spruce_log":24,"minecraft:arrow":11,"minecraft:rotten_flesh":3,"minecraft:white_terracotta":1,"minecraft:oak_sapling":3,"minecraft:coal":53,"minecraft:cobblestone":127},"minecraft:crafted":{"minecraft:cooked_beef":3,"minecraft:crafting_table":1,"minecraft:spruce_planks":96,"minecraft:wooden_pickaxe":1,"minecraft:furnace":2,"minecraft:cooked_salmon":2,"minecraft:stone_axe":2,"minecraft:air":0,"minecraft:stick":28,"minecraft:iron_ingot":4,"minecraft:stone_pickaxe":2,"minecraft:wooden_axe":1,"minecraft:stone_sword":1,"minecraft:torch":60}},"DataVersion":3953}