{"stats":{"minecraft:mined":{"minecraft:mud_brick_slab":1,"minecraft:spruce_planks":6,"minecraft:oak_sapling":1,"minecraft:oak_door":1,"minecraft:orange_terracotta":11,"minecraft:crafting_table":4,"minecraft:granite":16,"minecraft:grass_block":2,"minecraft:cobblestone":21,"minecraft:spruce_leaves":4,"minecraft:wall_torch":2,"minecraft:white_terracotta":1,"minecraft:furnace":2,"minecraft:iron_ore":5,"minecraft:spruce_log":16,"minecraft:oak_log":6,"minecraft:coal_ore":37,"minecraft:gravel":3,"minecraft:dirt":20,"minecraft:stone":177,"minecraft:oak_leaves":6},"minecraft:custom":{"minecraft:interact_with_furnace":22,"minecraft:mob_kills":16,"minecraft:interact_with_crafting_table":13,"minecraft:time_since_death":42571,"minecraft:time_since_rest":42571,"minecraft:sprint_one_cm":59615,"minecraft:damage_taken":737,"minecraft:walk_one_cm":185487,"minecraft:drop":1,"minecraft:damage_dealt":2776,"minecraft:swim_one_cm":1880,"minecraft:fly_one_cm":80631,"minecraft:player_kills":1,"minecraft:crouch_one_cm":9228,"minecraft:play_time":42571,"minecraft:sneak_time":2891,"minecraft:walk_under_water_one_cm":3914,"minecraft:jump":865,"minecraft:walk_on_water_one_cm":1505,"minecraft:total_world_time":42571,"minecraft:fall_one_cm":18596},"minecraft:killed":{"minecraft:creeper":1,"minecraft:skeleton":5,"minecraft:zombie":6,"minecraft:cow":2},"minecraft:dropped":{"minecraft:stone_axe":1},"minecraft:used":{"minecraft:stone_sword":12,"minecraft:stone_pickaxe":147,"minecraft:spruce_planks":71,"minecraft:wooden_pickaxe":29,"minecraft:cooked_salmon":2,"minecraft:rotten_flesh":2,"minecraft:oak_door":3,"minecraft:torch":46,"minecraft:crafting_table":6,"minecraft:granite":16,"minecraft:wooden_axe":7,"minecraft:iron_pickaxe":106,"minecraft:spruce_sapling":1,"minecraft:gravel":1,"minecraft:stone_axe":57,"minecraft:cobblestone":97,"minecraft:oak_sapling":2,"minecraft:furnace":4,"minecraft:cooked_beef":4},"minecraft:broken":{"minecraft:stone_pickaxe":1},"minecraft:picked_up":{"minecraft:wooden_axe":1,"minecraft:mud_brick_slab":1,"minecraft:crafting_table":5,"minecraft:cooked_beef":1,"minecraft:salmon":2,"minecraft:leather":4,"minecraft:brown_mushroom":2,"minecraft:wooden_pickaxe":1,"minecraft:potato":1,"minecraft:flint":1,"minecraft:oak_log":6,"minecraft:dirt":31,"minecraft:orange_terracotta":11,"minecraft:bone":7,"minecraft:wheat_seeds":1,"minecraft:spruce_planks":9,"minecraft:beef":5,"minecraft:furnace":2,"minecraft:stick":4,"minecraft:raw_iron":4,"minecraft:oak_door":1,"minecraft:torch":2,"minecraft:dandelion":1,"minecraft:gravel":2,"minecraft:spruce_sapling":1,"minecraft:spruce_log":24,"minecraft:arrow":11,"minecraft:rotten_flesh":5,"minecraft:granite":16,"minecraft:white_terracotta":1,"minecraft:oak_sapling":4,"minecraft:coal":53,"minecraft:cobblestone":217},"minecraft:crafted":{"minecraft:cooked_beef":3,"minecraft:oak_door":3,"minecraft:oak_planks":24,"minecraft:crafting_table":1,"minecraft:spruce_planks":96,"minecraft:wooden_pickaxe":1,"minecraft:furnace":2,"minecraft:cooked_salmon":2,"minecraft:stone_axe":2,"minecraft:air":0,"minecraft:shield":1,"minecraft:stick":28,"minecraft:iron_pickaxe":1,"minecraft:iron_ingot":4,"minecraft:stone_pickaxe":2,"minecraft:wooden_axe":1,"minecraft:stone_sword":1,"minecraft:torch":60}},"DataVersion":3953}