{"stats":{"minecraft:mined":{"minecraft:mud_brick_slab":1,"minecraft:spruce_planks":6,"minecraft:oak_sapling":1,"minecraft:oak_door":1,"minecraft:orange_terracotta":11,"minecraft:torch":2,"minecraft:crafting_table":7,"minecraft:granite":16,"minecraft:grass_block":4,"minecraft:cobblestone":23,"minecraft:spruce_leaves":4,"minecraft:moss_block":1,"minecraft:sugar_cane":10,"minecraft:wall_torch":3,"minecraft:large_fern":1,"minecraft:white_terracotta":1,"minecraft:magma_block":3,"minecraft:furnace":7,"minecraft:iron_ore":5,"minecraft:wheat":1,"minecraft:spruce_log":24,"minecraft:gold_block":1,"minecraft:potatoes":9,"minecraft:oak_log":6,"minecraft:coal_ore":39,"minecraft:cave_vines":4,"minecraft:gravel":3,"minecraft:dirt":25,"minecraft:podzol":11,"minecraft:azalea":1,"minecraft:netherrack":4,"minecraft:stone":190,"minecraft:oak_leaves":6,"minecraft:fern":3,"minecraft:flowering_azalea":4},"minecraft:custom":{"minecraft:interact_with_furnace":45,"minecraft:mob_kills":40,"minecraft:interact_with_crafting_table":19,"minecraft:time_since_death":78571,"minecraft:climb_one_cm":167,"minecraft:time_since_rest":78571,"minecraft:sprint_one_cm":143363,"minecraft:damage_taken":1412,"minecraft:walk_one_cm":278648,"minecraft:damage_blocked_by_shield":1086,"minecraft:drop":18,"minecraft:damage_dealt":5784,"minecraft:swim_one_cm":58880,"minecraft:fly_one_cm":232608,"minecraft:player_kills":1,"minecraft:open_chest":4,"minecraft:crouch_one_cm":17541,"minecraft:play_time":78571,"minecraft:sneak_time":5554,"minecraft:walk_under_water_one_cm":14059,"minecraft:jump":1842,"minecraft:walk_on_water_one_cm":15665,"minecraft:total_world_time":78571,"minecraft:fall_one_cm":48662},"minecraft:killed":{"minecraft:pig":5,"minecraft:salmon":5,"minecraft:spider":2,"minecraft:creeper":1,"minecraft:squid":1,"minecraft:skeleton":7,"minecraft:zombie":10,"minecraft:chicken":2,"minecraft:drowned":1,"minecraft:cow":2},"minecraft:dropped":{"minecraft:gravel":1,"minecraft:stone_axe":1,"minecraft:brown_mushroom":2,"minecraft:wheat_seeds":2,"minecraft:mud_brick_slab":1,"minecraft:crafting_table":1,"minecraft:poisonous_potato":1,"minecraft:rotten_flesh":6,"minecraft:white_terracotta":1,"minecraft:flint":1,"minecraft:orange_terracotta":11,"minecraft:oak_sapling":4,"minecraft:cooked_salmon":1,"minecraft:wooden_pickaxe":1,"minecraft:netherrack":1,"minecraft:dandelion":1,"minecraft:oak_door":1},"minecraft:used":{"minecraft:wheat_seeds":1,"minecraft:stone_sword":44,"minecraft:stone_pickaxe":147,"minecraft:baked_potato":9,"minecraft:shield":34,"minecraft:spruce_planks":71,"minecraft:wooden_pickaxe":29,"minecraft:stone_hoe":8,"minecraft:cooked_salmon":5,"minecraft:cooked_chicken":1,"minecraft:rotten_flesh":2,"minecraft:oak_door":3,"minecraft:torch":55,"minecraft:dirt":3,"minecraft:crafting_table":9,"minecraft:granite":16,"minecraft:wooden_axe":7,"minecraft:iron_pickaxe":139,"minecraft:spruce_sapling":1,"minecraft:gravel":1,"minecraft:stone_axe":90,"minecraft:cobblestone":179,"minecraft:oak_sapling":2,"minecraft:furnace":9,"minecraft:cooked_porkchop":3,"minecraft:oak_boat":1,"minecraft:potato":12,"minecraft:cooked_beef":4,"minecraft:bone_meal":21},"minecraft:broken":{"minecraft:stone_pickaxe":1,"minecraft:stone_axe":1},"minecraft:picked_up":{"minecraft:wooden_axe":1,"minecraft:wheat":1,"minecraft:mud_brick_slab":1,"minecraft:crafting_table":8,"minecraft:feather":3,"minecraft:cooked_beef":1,"minecraft:chicken":2,"minecraft:salmon":7,"minecraft:leather":4,"minecraft:brown_mushroom":2,"minecraft:wooden_pickaxe":1,"minecraft:potato":37,"minecraft:gold_block":1,"minecraft:flint":2,"minecraft:oak_log":6,"minecraft:string":1,"minecraft:dirt":53,"minecraft:cooked_salmon":1,"minecraft:orange_terracotta":11,"minecraft:bone":10,"minecraft:wheat_seeds":6,"minecraft:spruce_planks":9,"minecraft:beef":5,"minecraft:oak_boat":1,"minecraft:azalea":2,"minecraft:sugar_cane":18,"minecraft:flowering_azalea":4,"minecraft:furnace":7,"minecraft:stick":4,"minecraft:raw_iron":4,"minecraft:oak_door":1,"minecraft:torch":5,"minecraft:dandelion":1,"minecraft:poisonous_potato":1,"minecraft:gravel":2,"minecraft:porkchop":12,"minecraft:spruce_sapling":1,"minecraft:ink_sac":3,"minecraft:spruce_log":38,"minecraft:arrow":14,"minecraft:rotten_flesh":8,"minecraft:granite":16,"minecraft:white_terracotta":1,"minecraft:netherrack":1,"minecraft:oak_sapling":6,"minecraft:clay_ball":11,"minecraft:coal":92,"minecraft:cobblestone":232},"minecraft:crafted":{"minecraft:cooked_beef":3,"minecraft:oak_door":3,"minecraft:oak_planks":24,"minecraft:cooked_porkchop":3,"minecraft:crafting_table":2,"minecraft:spruce_planks":96,"minecraft:baked_potato":12,"minecraft:wooden_pickaxe":1,"minecraft:cooked_chicken":1,"minecraft:furnace":4,"minecraft:cooked_salmon":5,"minecraft:bone_meal":21,"minecraft:stone_axe":2,"minecraft:air":0,"minecraft:oak_boat":1,"minecraft:shield":1,"minecraft:stick":28,"minecraft:iron_pickaxe":1,"minecraft:iron_ingot":4,"minecraft:stone_pickaxe":2,"minecraft:wooden_axe":1,"minecraft:stone_sword":1,"minecraft:torch":60,"minecraft:stone_hoe":1}},"DataVersion":3953}