{"stats":{"minecraft:broken":{"minecraft:stone_sword":1,"minecraft:stone_pickaxe":1,"minecraft:golden_sword":1,"minecraft:stone_axe":2,"minecraft:iron_pickaxe":1},"minecraft:killed_by":{"minecraft:skeleton":1,"minecraft:zombie":1},"minecraft:mined":{"minecraft:yellow_terracotta":1,"minecraft:spruce_planks":11,"minecraft:oak_sapling":2,"minecraft:deepslate_diamond_ore":3,"minecraft:oak_door":1,"minecraft:jungle_leaves":1,"minecraft:potted_cactus":5,"minecraft:glow_lichen":1,"minecraft:cave_vines_plant":22,"minecraft:granite":19,"minecraft:dark_oak_fence":2,"minecraft:red_sand":3,"minecraft:grass_block":16,"minecraft:spruce_leaves":13,"minecraft:moss_block":9,"minecraft:large_fern":1,"minecraft:redstone_ore":4,"minecraft:magma_block":3,"minecraft:furnace":17,"minecraft:iron_ore":133,"minecraft:fire":22,"minecraft:andesite":3,"minecraft:gold_block":1,"minecraft:potatoes":14,"minecraft:cave_vines":34,"minecraft:deepslate_iron_ore":16,"minecraft:azalea":1,"minecraft:stone":310,"minecraft:podzol":12,"minecraft:deepslate_redstone_ore":2,"minecraft:mud_brick_slab":1,"minecraft:flowering_azalea":5,"minecraft:melon_stem":4,"minecraft:orange_terracotta":11,"minecraft:crafting_table":22,"minecraft:torch":13,"minecraft:light_gray_terracotta":1,"minecraft:short_grass":55,"minecraft:emerald_ore":1,"minecraft:poppy":1,"minecraft:melon":2,"minecraft:dead_bush":82,"minecraft:tall_grass":4,"minecraft:cobblestone":62,"minecraft:lapis_ore":3,"minecraft:sugar_cane":28,"minecraft:diorite":1,"minecraft:wall_torch":21,"minecraft:white_terracotta":34,"minecraft:spruce_stairs":4,"minecraft:wheat":37,"minecraft:spruce_log":48,"minecraft:birch_leaves":5,"minecraft:oak_log":62,"minecraft:coal_ore":241,"minecraft:beetroots":9,"minecraft:gravel":5,"minecraft:dirt":46,"minecraft:sand":6,"minecraft:cobweb":23,"minecraft:terracotta":22,"minecraft:netherrack":4,"minecraft:gold_ore":82,"minecraft:oak_leaves":25,"minecraft:deepslate":10,"minecraft:fern":4},"minecraft:dropped":{"minecraft:brown_mushroom":2,"minecraft:wheat_seeds":21,"minecraft:cooked_beef":9,"minecraft:mud_brick_slab":1,"minecraft:crafting_table":1,"minecraft:cooked_porkchop":27,"minecraft:poisonous_potato":1,"minecraft:stick":10,"minecraft:flint":2,"minecraft:dirt":11,"minecraft:wooden_axe":2,"minecraft:cooked_salmon":1,"minecraft:gold_nugget":7,"minecraft:string":1,"minecraft:white_wool":1,"minecraft:dandelion":1,"minecraft:oak_door":1,"minecraft:gravel":3,"minecraft:stone_axe":1,"minecraft:stone_sword":1,"minecraft:birch_sapling":1,"minecraft:rotten_flesh":6,"minecraft:light_gray_wool":1,"minecraft:cooked_mutton":2,"minecraft:white_terracotta":1,"minecraft:poppy":3,"minecraft:rabbit_hide":1,"minecraft:orange_terracotta":11,"minecraft:beetroot_seeds":7,"minecraft:azalea":2,"minecraft:oak_sapling":4,"minecraft:wooden_pickaxe":2,"minecraft:netherrack":1},"minecraft:killed":{"minecraft:armadillo":1,"minecraft:cave_spider":2,"minecraft:spider":8,"minecraft:skeleton":22,"minecraft:chicken":7,"minecraft:drowned":1,"minecraft:turtle":1,"minecraft:husk":3,"minecraft:pig":31,"minecraft:salmon":8,"minecraft:iron_golem":3,"minecraft:creeper":1,"minecraft:squid":2,"minecraft:sheep":5,"minecraft:zombie":38,"minecraft:cow":18},"minecraft:custom":{"minecraft:mob_kills":157,"minecraft:interact_with_crafting_table":72,"minecraft:bell_ring":11,"minecraft:leave_game":4,"minecraft:time_since_death":48572,"minecraft:climb_one_cm":6753,"minecraft:sprint_one_cm":630212,"minecraft:walk_one_cm":935512,"minecraft:damage_blocked_by_shield":5032,"minecraft:drop":59,"minecraft:talked_to_villager":12,"minecraft:play_time":305075,"minecraft:sneak_time":11857,"minecraft:deaths":3,"minecraft:walk_under_water_one_cm":38116,"minecraft:boat_one_cm":573497,"minecraft:jump":6467,"minecraft:walk_on_water_one_cm":47925,"minecraft:total_world_time":305075,"minecraft:interact_with_furnace":114,"minecraft:pot_flower":4,"minecraft:sleep_in_bed":3,"minecraft:time_since_rest":15166,"minecraft:damage_taken":5328,"minecraft:damage_dealt":23919,"minecraft:player_kills":1,"minecraft:swim_one_cm":155314,"minecraft:fly_one_cm":949584,"minecraft:open_chest":35,"minecraft:crouch_one_cm":36915,"minecraft:fall_one_cm":184301,"minecraft:horse_one_cm":3922},"minecraft:crafted":{"minecraft:oak_door":3,"minecraft:oak_planks":208,"minecraft:cooked_chicken":6,"minecraft:furnace":5,"minecraft:bone_meal":27,"minecraft:cooked_mutton":2,"minecraft:spruce_stairs":4,"minecraft:iron_boots":2,"minecraft:iron_axe":3,"minecraft:stone_pickaxe":5,"minecraft:chest":2,"minecraft:spruce_boat":3,"minecraft:stone_hoe":2,"minecraft:cooked_beef":6,"minecraft:spruce_sign":3,"minecraft:cooked_porkchop":13,"minecraft:crafting_table":10,"minecraft:spruce_planks":248,"minecraft:iron_helmet":1,"minecraft:wooden_pickaxe":3,"minecraft:baked_potato":17,"minecraft:iron_sword":2,"minecraft:cooked_salmon":7,"minecraft:bucket":2,"minecraft:stone_axe":5,"minecraft:air":0,"minecraft:oak_boat":2,"minecraft:iron_chestplate":1,"minecraft:charcoal":10,"minecraft:book":19,"minecraft:paper":57,"minecraft:shield":3,"minecraft:stick":148,"minecraft:iron_ingot":75,"minecraft:iron_pickaxe":4,"minecraft:wooden_axe":3,"minecraft:stone_sword":3,"minecraft:iron_leggings":1,"minecraft:gold_ingot":10,"minecraft:torch":284},"minecraft:used":{"minecraft:stone_sword":181,"minecraft:chest":2,"minecraft:spruce_planks":89,"minecraft:shield":243,"minecraft:iron_sword":63,"minecraft:cooked_salmon":10,"minecraft:cooked_chicken":3,"minecraft:rotten_flesh":3,"minecraft:stone_hoe":13,"minecraft:iron_chestplate":1,"minecraft:oak_door":3,"minecraft:torch":250,"minecraft:dirt":27,"minecraft:spruce_stairs":8,"minecraft:granite":16,"minecraft:spruce_boat":6,"minecraft:wooden_axe":26,"minecraft:iron_axe":46,"minecraft:iron_boots":1,"minecraft:golden_sword":37,"minecraft:oak_sapling":7,"minecraft:furnace":20,"minecraft:egg":1,"minecraft:cooked_beef":8,"minecraft:potato":39,"minecraft:iron_leggings":1,"minecraft:wheat_seeds":37,"minecraft:cooked_mutton":5,"minecraft:water_bucket":9,"minecraft:baked_potato":13,"minecraft:stone_pickaxe":230,"minecraft:wooden_pickaxe":50,"minecraft:spruce_sign":3,"minecraft:glow_berries":28,"minecraft:sand":5,"minecraft:crafting_table":28,"minecraft:flower_pot":4,"minecraft:iron_pickaxe":748,"minecraft:bread":2,"minecraft:spruce_sapling":5,"minecraft:gravel":3,"minecraft:stone_axe":259,"minecraft:cobblestone":309,"minecraft:porkchop":10,"minecraft:cooked_porkchop":25,"minecraft:bucket":10,"minecraft:oak_boat":4,"minecraft:bone_meal":27},"minecraft:picked_up":{"minecraft:wooden_axe":1,"minecraft:charcoal":8,"minecraft:mud_brick_slab":1,"minecraft:crafting_table":23,"minecraft:wheat":3,"minecraft:chicken":7,"minecraft:flower_pot":5,"minecraft:clay_ball":11,"minecraft:brown_mushroom":2,"minecraft:wooden_pickaxe":1,"minecraft:gold_block":1,"minecraft:string":32,"minecraft:cooked_salmon":4,"minecraft:red_sand":3,"minecraft:cobbled_deepslate":10,"minecraft:spruce_planks":13,"minecraft:beef":24,"minecraft:oak_boat":3,"minecraft:azalea":2,"minecraft:poppy":7,"minecraft:light_gray_wool":1,"minecraft:melon_slice":9,"minecraft:sugar_cane":57,"minecraft:birch_sapling":1,"minecraft:egg":1,"minecraft:furnace":17,"minecraft:stick":86,"minecraft:raw_iron":143,"minecraft:oak_door":1,"minecraft:torch":34,"minecraft:spruce_stairs":4,"minecraft:porkchop":72,"minecraft:diorite":1,"minecraft:redstone":28,"minecraft:arrow":32,"minecraft:stone_sword":1,"minecraft:cactus":5,"minecraft:rotten_flesh":39,"minecraft:beetroot_seeds":16,"minecraft:armadillo_scute":1,"minecraft:yellow_terracotta":1,"minecraft:white_terracotta":32,"minecraft:glow_berries":28,"minecraft:mutton":2,"minecraft:white_wool":1,"minecraft:cobblestone":407,"minecraft:feather":8,"minecraft:cooked_beef":31,"minecraft:andesite":3,"minecraft:salmon":7,"minecraft:leather":24,"minecraft:potato":56,"minecraft:flint":3,"minecraft:oak_log":62,"minecraft:lapis_lazuli":21,"minecraft:dirt":97,"minecraft:orange_terracotta":11,"minecraft:cooked_mutton":5,"minecraft:bone":34,"minecraft:bow":2,"minecraft:wheat_seeds":64,"minecraft:raw_gold":82,"minecraft:rabbit_hide":1,"minecraft:iron_ingot":12,"minecraft:rabbit":1,"minecraft:moss_block":8,"minecraft:flowering_azalea":5,"minecraft:cooked_porkchop":44,"minecraft:dandelion":1,"minecraft:poisonous_potato":1,"minecraft:gravel":6,"minecraft:sand":21,"minecraft:spruce_sapling":5,"minecraft:ink_sac":5,"minecraft:dead_bush":2,"minecraft:spruce_log":62,"minecraft:spider_eye":1,"minecraft:diamond":3,"minecraft:spruce_boat":3,"minecraft:granite":19,"minecraft:emerald":1,"minecraft:terracotta":22,"minecraft:oak_sapling":11,"minecraft:netherrack":1,"minecraft:melon_seeds":2,"minecraft:dark_oak_fence":2,"minecraft:coal":372}},"DataVersion":3953}