{"stats":{"minecraft:mined":{"minecraft:white_terracotta":1,"minecraft:mud_brick_slab":1,"minecraft:spruce_planks":4,"minecraft:orange_terracotta":11,"minecraft:spruce_log":16,"minecraft:crafting_table":3,"minecraft:grass_block":1,"minecraft:coal_ore":25,"minecraft:gravel":1,"minecraft:dirt":2,"minecraft:cobblestone":8,"minecraft:spruce_leaves":2,"minecraft:stone":94},"minecraft:custom":{"minecraft:time_since_rest":18571,"minecraft:interact_with_furnace":15,"minecraft:sprint_one_cm":30912,"minecraft:damage_taken":357,"minecraft:walk_one_cm":69865,"minecraft:mob_kills":6,"minecraft:drop":1,"minecraft:damage_dealt":873,"minecraft:player_kills":1,"minecraft:swim_one_cm":1880,"minecraft:interact_with_crafting_table":8,"minecraft:fly_one_cm":34322,"minecraft:crouch_one_cm":2569,"minecraft:play_time":18571,"minecraft:sneak_time":769,"minecraft:walk_under_water_one_cm":1578,"minecraft:jump":323,"minecraft:walk_on_water_one_cm":936,"minecraft:time_since_death":18571,"minecraft:total_world_time":18571,"minecraft:fall_one_cm":8223},"minecraft:dropped":{"minecraft:stone_axe":1},"minecraft:killed":{"minecraft:skeleton":3,"minecraft:cow":2},"minecraft:used":{"minecraft:wooden_axe":7,"minecraft:stone_pickaxe":117,"minecraft:spruce_planks":4,"minecraft:wooden_pickaxe":29,"minecraft:cooked_salmon":2,"minecraft:gravel":1,"minecraft:stone_axe":20,"minecraft:torch":6,"minecraft:cobblestone":44,"minecraft:crafting_table":4,"minecraft:furnace":2,"minecraft:cooked_beef":1},"minecraft:picked_up":{"minecraft:wooden_axe":1,"minecraft:mud_brick_slab":1,"minecraft:crafting_table":4,"minecraft:salmon":2,"minecraft:leather":4,"minecraft:brown_mushroom":2,"minecraft:wooden_pickaxe":1,"minecraft:dandelion":1,"minecraft:gravel":1,"minecraft:spruce_sapling":1,"minecraft:spruce_log":24,"minecraft:dirt":12,"minecraft:orange_terracotta":11,"minecraft:bone":2,"minecraft:arrow":6,"minecraft:wheat_seeds":1,"minecraft:spruce_planks":7,"minecraft:beef":4,"minecraft:white_terracotta":1,"minecraft:coal":25,"minecraft:cobblestone":120},"minecraft:crafted":{"minecraft:cooked_beef":1,"minecraft:crafting_table":1,"minecraft:spruce_planks":72,"minecraft:stick":28,"minecraft:wooden_pickaxe":1,"minecraft:stone_pickaxe":1,"minecraft:wooden_axe":1,"minecraft:stone_sword":1,"minecraft:furnace":2,"minecraft:cooked_salmon":2,"minecraft:torch":28,"minecraft:stone_axe":2,"minecraft:air":0}},"DataVersion":3953}