{"stats":{"minecraft:broken":{"minecraft:stone_sword":1,"minecraft:stone_pickaxe":1,"minecraft:golden_sword":1,"minecraft:stone_axe":2,"minecraft:iron_pickaxe":1},"minecraft:mined":{"minecraft:yellow_terracotta":1,"minecraft:spruce_planks":10,"minecraft:oak_sapling":1,"minecraft:oak_door":1,"minecraft:jungle_leaves":1,"minecraft:potted_cactus":5,"minecraft:dark_oak_fence":2,"minecraft:granite":17,"minecraft:red_sand":1,"minecraft:grass_block":6,"minecraft:spruce_leaves":5,"minecraft:moss_block":1,"minecraft:large_fern":1,"minecraft:magma_block":3,"minecraft:furnace":12,"minecraft:iron_ore":22,"minecraft:fire":22,"minecraft:gold_block":1,"minecraft:potatoes":9,"minecraft:cave_vines":4,"minecraft:azalea":1,"minecraft:stone":246,"minecraft:podzol":11,"minecraft:deepslate_redstone_ore":2,"minecraft:mud_brick_slab":1,"minecraft:flowering_azalea":4,"minecraft:melon_stem":4,"minecraft:orange_terracotta":11,"minecraft:crafting_table":9,"minecraft:torch":7,"minecraft:light_gray_terracotta":1,"minecraft:short_grass":6,"minecraft:poppy":1,"minecraft:melon":2,"minecraft:dead_bush":1,"minecraft:cobblestone":23,"minecraft:sugar_cane":28,"minecraft:wall_torch":10,"minecraft:white_terracotta":34,"minecraft:spruce_stairs":4,"minecraft:wheat":35,"minecraft:spruce_log":24,"minecraft:birch_leaves":2,"minecraft:oak_log":11,"minecraft:coal_ore":144,"minecraft:beetroots":9,"minecraft:gravel":5,"minecraft:sand":6,"minecraft:dirt":40,"minecraft:cobweb":23,"minecraft:terracotta":22,"minecraft:deepslate":8,"minecraft:netherrack":4,"minecraft:gold_ore":67,"minecraft:oak_leaves":12,"minecraft:fern":3},"minecraft:dropped":{"minecraft:brown_mushroom":2,"minecraft:wheat_seeds":21,"minecraft:cooked_beef":9,"minecraft:mud_brick_slab":1,"minecraft:crafting_table":1,"minecraft:cooked_porkchop":27,"minecraft:poisonous_potato":1,"minecraft:stick":10,"minecraft:flint":2,"minecraft:dirt":10,"minecraft:wooden_axe":2,"minecraft:cooked_salmon":1,"minecraft:gold_nugget":7,"minecraft:string":1,"minecraft:white_wool":1,"minecraft:dandelion":1,"minecraft:oak_door":1,"minecraft:gravel":3,"minecraft:stone_axe":1,"minecraft:stone_sword":1,"minecraft:birch_sapling":1,"minecraft:rotten_flesh":6,"minecraft:light_gray_wool":1,"minecraft:cooked_mutton":2,"minecraft:white_terracotta":1,"minecraft:poppy":3,"minecraft:rabbit_hide":1,"minecraft:orange_terracotta":11,"minecraft:beetroot_seeds":7,"minecraft:azalea":2,"minecraft:oak_sapling":4,"minecraft:wooden_pickaxe":2,"minecraft:netherrack":1},"minecraft:killed":{"minecraft:armadillo":1,"minecraft:cave_spider":2,"minecraft:spider":8,"minecraft:skeleton":12,"minecraft:chicken":6,"minecraft:drowned":1,"minecraft:turtle":1,"minecraft:husk":3,"minecraft:pig":16,"minecraft:salmon":8,"minecraft:iron_golem":2,"minecraft:creeper":1,"minecraft:squid":1,"minecraft:sheep":5,"minecraft:zombie":21,"minecraft:cow":18},"minecraft:custom":{"minecraft:mob_kills":112,"minecraft:interact_with_crafting_table":36,"minecraft:bell_ring":11,"minecraft:leave_game":2,"minecraft:time_since_death":180756,"minecraft:climb_one_cm":2156,"minecraft:sprint_one_cm":438790,"minecraft:walk_one_cm":567472,"minecraft:damage_blocked_by_shield":2865,"minecraft:drop":58,"minecraft:play_time":180756,"minecraft:sneak_time":8748,"minecraft:walk_under_water_one_cm":19849,"minecraft:boat_one_cm":125426,"minecraft:jump":4249,"minecraft:walk_on_water_one_cm":33605,"minecraft:total_world_time":180756,"minecraft:interact_with_furnace":74,"minecraft:pot_flower":4,"minecraft:sleep_in_bed":2,"minecraft:time_since_rest":37903,"minecraft:damage_taken":3704,"minecraft:damage_dealt":16529,"minecraft:swim_one_cm":85074,"minecraft:player_kills":1,"minecraft:fly_one_cm":669336,"minecraft:open_chest":20,"minecraft:crouch_one_cm":28161,"minecraft:fall_one_cm":123463,"minecraft:horse_one_cm":3922},"minecraft:crafted":{"minecraft:oak_door":3,"minecraft:oak_planks":44,"minecraft:cooked_chicken":6,"minecraft:furnace":5,"minecraft:bone_meal":21,"minecraft:cooked_mutton":2,"minecraft:spruce_stairs":4,"minecraft:iron_axe":1,"minecraft:stone_pickaxe":2,"minecraft:chest":2,"minecraft:stone_hoe":1,"minecraft:cooked_beef":6,"minecraft:spruce_sign":3,"minecraft:cooked_porkchop":11,"minecraft:crafting_table":5,"minecraft:spruce_planks":152,"minecraft:wooden_pickaxe":1,"minecraft:baked_potato":12,"minecraft:iron_sword":1,"minecraft:cooked_salmon":7,"minecraft:bucket":1,"minecraft:stone_axe":3,"minecraft:air":0,"minecraft:oak_boat":2,"minecraft:book":19,"minecraft:paper":57,"minecraft:shield":1,"minecraft:stick":64,"minecraft:iron_ingot":7,"minecraft:iron_pickaxe":2,"minecraft:wooden_axe":1,"minecraft:stone_sword":1,"minecraft:gold_ingot":10,"minecraft:torch":112},"minecraft:used":{"minecraft:stone_sword":151,"minecraft:chest":2,"minecraft:spruce_planks":89,"minecraft:shield":114,"minecraft:iron_sword":29,"minecraft:cooked_salmon":8,"minecraft:cooked_chicken":1,"minecraft:stone_hoe":10,"minecraft:rotten_flesh":2,"minecraft:oak_door":3,"minecraft:torch":128,"minecraft:dirt":17,"minecraft:spruce_stairs":8,"minecraft:granite":16,"minecraft:wooden_axe":7,"minecraft:iron_axe":5,"minecraft:golden_sword":37,"minecraft:oak_sapling":2,"minecraft:furnace":16,"minecraft:cooked_beef":8,"minecraft:potato":25,"minecraft:wheat_seeds":32,"minecraft:cooked_mutton":5,"minecraft:water_bucket":8,"minecraft:baked_potato":12,"minecraft:stone_pickaxe":147,"minecraft:wooden_pickaxe":29,"minecraft:spruce_sign":3,"minecraft:sand":5,"minecraft:crafting_table":13,"minecraft:flower_pot":4,"minecraft:iron_pickaxe":464,"minecraft:bread":1,"minecraft:spruce_sapling":1,"minecraft:gravel":1,"minecraft:stone_axe":166,"minecraft:cobblestone":205,"minecraft:cooked_porkchop":21,"minecraft:bucket":9,"minecraft:oak_boat":4,"minecraft:bone_meal":21},"minecraft:picked_up":{"minecraft:wooden_axe":1,"minecraft:mud_brick_slab":1,"minecraft:crafting_table":10,"minecraft:wheat":1,"minecraft:chicken":6,"minecraft:flower_pot":5,"minecraft:clay_ball":11,"minecraft:brown_mushroom":2,"minecraft:wooden_pickaxe":1,"minecraft:gold_block":1,"minecraft:string":32,"minecraft:cooked_salmon":4,"minecraft:red_sand":1,"minecraft:cobbled_deepslate":8,"minecraft:spruce_planks":13,"minecraft:beef":24,"minecraft:oak_boat":3,"minecraft:azalea":2,"minecraft:poppy":5,"minecraft:light_gray_wool":1,"minecraft:melon_slice":9,"minecraft:sugar_cane":57,"minecraft:birch_sapling":1,"minecraft:furnace":12,"minecraft:stick":12,"minecraft:raw_iron":20,"minecraft:oak_door":1,"minecraft:torch":17,"minecraft:spruce_stairs":4,"minecraft:porkchop":39,"minecraft:redstone":9,"minecraft:arrow":24,"minecraft:stone_sword":1,"minecraft:cactus":5,"minecraft:rotten_flesh":22,"minecraft:beetroot_seeds":16,"minecraft:armadillo_scute":1,"minecraft:yellow_terracotta":1,"minecraft:white_terracotta":32,"minecraft:mutton":2,"minecraft:white_wool":1,"minecraft:cobblestone":295,"minecraft:feather":6,"minecraft:cooked_beef":31,"minecraft:salmon":7,"minecraft:leather":24,"minecraft:potato":37,"minecraft:flint":3,"minecraft:oak_log":11,"minecraft:dirt":79,"minecraft:orange_terracotta":11,"minecraft:cooked_mutton":5,"minecraft:bone":18,"minecraft:bow":1,"minecraft:wheat_seeds":53,"minecraft:raw_gold":67,"minecraft:rabbit_hide":1,"minecraft:iron_ingot":8,"minecraft:rabbit":1,"minecraft:flowering_azalea":4,"minecraft:cooked_porkchop":44,"minecraft:dandelion":1,"minecraft:poisonous_potato":1,"minecraft:gravel":4,"minecraft:sand":21,"minecraft:spruce_sapling":1,"minecraft:ink_sac":3,"minecraft:dead_bush":2,"minecraft:spruce_log":38,"minecraft:spider_eye":1,"minecraft:granite":17,"minecraft:dark_oak_fence":2,"minecraft:terracotta":22,"minecraft:oak_sapling":6,"minecraft:netherrack":1,"minecraft:melon_seeds":2,"minecraft:coal":215}},"DataVersion":3953}