{"stats":{"minecraft:mined":{"minecraft:podzol":1,"minecraft:deepslate_redstone_ore":4,"minecraft:tuff":55,"minecraft:deepslate_diamond_ore":16,"minecraft:dandelion":1,"minecraft:crafting_table":8,"minecraft:torch":5,"minecraft:granite":5,"minecraft:short_grass":7,"minecraft:grass_block":2,"minecraft:copper_ore":1,"minecraft:cobblestone":3,"minecraft:deepslate_gold_ore":10,"minecraft:lapis_ore":6,"minecraft:diorite":12,"minecraft:wall_torch":1,"minecraft:furnace":3,"minecraft:iron_ore":22,"minecraft:spruce_log":9,"minecraft:andesite":24,"minecraft:coal_ore":76,"minecraft:deepslate_iron_ore":5,"minecraft:dirt":6,"minecraft:stone":150,"minecraft:deepslate":733},"minecraft:custom":{"minecraft:interact_with_furnace":12,"minecraft:mob_kills":12,"minecraft:interact_with_crafting_table":15,"minecraft:leave_game":3,"minecraft:time_since_death":63728,"minecraft:climb_one_cm":849,"minecraft:time_since_rest":63754,"minecraft:sprint_one_cm":60749,"minecraft:damage_taken":419,"minecraft:walk_one_cm":217839,"minecraft:damage_blocked_by_shield":143,"minecraft:drop":2,"minecraft:damage_dealt":2428,"minecraft:fly_one_cm":35461,"minecraft:crouch_one_cm":7896,"minecraft:play_time":76381,"minecraft:deaths":1,"minecraft:sneak_time":5180,"minecraft:jump":557,"minecraft:total_world_time":76381,"minecraft:fall_one_cm":6770},"minecraft:killed":{"minecraft:pig":1,"minecraft:spider":1,"minecraft:skeleton":2,"minecraft:zombie":7},"minecraft:dropped":{"minecraft:wheat_seeds":1,"minecraft:dirt":1},"minecraft:used":{"minecraft:stone_pickaxe":525,"minecraft:wooden_pickaxe":59,"minecraft:shield":4,"minecraft:iron_sword":47,"minecraft:rotten_flesh":5,"minecraft:torch":18,"minecraft:dirt":8,"minecraft:crafting_table":8,"minecraft:diamond_pickaxe":43,"minecraft:iron_pickaxe":500,"minecraft:cobblestone":9,"minecraft:furnace":3,"minecraft:cooked_porkchop":2,"minecraft:andesite":1,"minecraft:cobbled_deepslate":62,"minecraft:dandelion":1},"minecraft:picked_up":{"minecraft:crafting_table":8,"minecraft:andesite":24,"minecraft:tuff":49,"minecraft:gunpowder":1,"minecraft:lapis_lazuli":40,"minecraft:dirt":9,"minecraft:raw_copper":2,"minecraft:bone":1,"minecraft:wheat_seeds":2,"minecraft:cobbled_deepslate":714,"minecraft:raw_gold":10,"minecraft:furnace":3,"minecraft:raw_iron":27,"minecraft:torch":6,"minecraft:dandelion":1,"minecraft:porkchop":4,"minecraft:diorite":12,"minecraft:spruce_log":14,"minecraft:redstone":17,"minecraft:rotten_flesh":5,"minecraft:diamond":16,"minecraft:granite":5,"minecraft:coal":76,"minecraft:cobblestone":153},"minecraft:broken":{"minecraft:stone_pickaxe":4,"minecraft:iron_pickaxe":2,"minecraft:wooden_pickaxe":1},"minecraft:crafted":{"minecraft:cooked_porkchop":2,"minecraft:crafting_table":1,"minecraft:spruce_planks":32,"minecraft:wooden_pickaxe":1,"minecraft:iron_sword":1,"minecraft:furnace":1,"minecraft:air":0,"minecraft:iron_chestplate":1,"minecraft:diamond_pickaxe":1,"minecraft:shield":1,"minecraft:stick":24,"minecraft:iron_ingot":26,"minecraft:iron_pickaxe":2,"minecraft:stone_pickaxe":4,"minecraft:stone_sword":1,"minecraft:iron_leggings":1,"minecraft:torch":12}},"DataVersion":3953}