{"stats":{"minecraft:custom":{"minecraft:jump":76,"minecraft:time_since_rest":8296,"minecraft:leave_game":1,"minecraft:sprint_one_cm":2882,"minecraft:play_time":8296,"minecraft:damage_taken":15,"minecraft:time_since_death":8296,"minecraft:walk_one_cm":15411,"minecraft:total_world_time":8296,"minecraft:fall_one_cm":1521,"minecraft:fly_one_cm":4135},"minecraft:picked_up":{"minecraft:dandelion":1},"minecraft:mined":{"minecraft:short_grass":1,"minecraft:spruce_log":1,"minecraft:dandelion":1},"minecraft:used":{"minecraft:dandelion":1}},"DataVersion":3953}