{"stats":{"minecraft:mined":{"minecraft:podzol":1,"minecraft:deepslate_redstone_ore":4,"minecraft:tuff":55,"minecraft:white_bed":3,"minecraft:deepslate_diamond_ore":16,"minecraft:dandelion":1,"minecraft:crafting_table":10,"minecraft:torch":5,"minecraft:granite":5,"minecraft:short_grass":10,"minecraft:grass_block":3,"minecraft:mud_brick_stairs":1,"minecraft:jungle_planks":1,"minecraft:copper_ore":1,"minecraft:cobblestone":6,"minecraft:spruce_leaves":2,"minecraft:deepslate_gold_ore":10,"minecraft:lapis_ore":6,"minecraft:sugar_cane":4,"minecraft:diorite":14,"minecraft:wall_torch":1,"minecraft:hay_block":3,"minecraft:furnace":5,"minecraft:dark_oak_trapdoor":1,"minecraft:iron_ore":22,"minecraft:spruce_log":16,"minecraft:andesite":24,"minecraft:coal_ore":76,"minecraft:deepslate_iron_ore":5,"minecraft:sand":7,"minecraft:dirt":11,"minecraft:stone":166,"minecraft:deepslate":733,"minecraft:fern":2},"minecraft:custom":{"minecraft:interact_with_furnace":27,"minecraft:mob_kills":41,"minecraft:interact_with_crafting_table":24,"minecraft:leave_game":3,"minecraft:time_since_death":123728,"minecraft:sleep_in_bed":3,"minecraft:climb_one_cm":1071,"minecraft:time_since_rest":16910,"minecraft:sprint_one_cm":225491,"minecraft:damage_taken":977,"minecraft:walk_one_cm":321143,"minecraft:damage_blocked_by_shield":428,"minecraft:drop":16,"minecraft:damage_dealt":5677,"minecraft:swim_one_cm":16345,"minecraft:fly_one_cm":302691,"minecraft:open_chest":1,"minecraft:crouch_one_cm":9772,"minecraft:play_time":136381,"minecraft:deaths":1,"minecraft:sneak_time":5611,"minecraft:walk_under_water_one_cm":6555,"minecraft:boat_one_cm":398339,"minecraft:jump":2044,"minecraft:walk_on_water_one_cm":9904,"minecraft:total_world_time":136381,"minecraft:fall_one_cm":45452},"minecraft:killed":{"minecraft:pig":9,"minecraft:zombie_villager":1,"minecraft:spider":1,"minecraft:creeper":1,"minecraft:sheep":3,"minecraft:skeleton":3,"minecraft:zombie":10,"minecraft:chicken":2,"minecraft:drowned":1,"minecraft:cow":7},"minecraft:dropped":{"minecraft:wheat_seeds":2,"minecraft:cooked_beef":1,"minecraft:cobbled_deepslate":1,"minecraft:raw_copper":2,"minecraft:rotten_flesh":1,"minecraft:granite":5,"minecraft:coal":2,"minecraft:dirt":1,"minecraft:spruce_boat":2,"minecraft:gunpowder":2,"minecraft:diorite":14,"minecraft:andesite":23,"minecraft:bone":1},"minecraft:used":{"minecraft:stone_pickaxe":525,"minecraft:wooden_pickaxe":59,"minecraft:shield":12,"minecraft:iron_sword":116,"minecraft:rotten_flesh":5,"minecraft:torch":18,"minecraft:dirt":8,"minecraft:crafting_table":12,"minecraft:white_bed":4,"minecraft:spruce_boat":3,"minecraft:diamond_pickaxe":68,"minecraft:iron_pickaxe":500,"minecraft:cobblestone":46,"minecraft:furnace":5,"minecraft:cooked_porkchop":12,"minecraft:andesite":1,"minecraft:cooked_beef":1,"minecraft:cobbled_deepslate":106,"minecraft:dandelion":1},"minecraft:picked_up":{"minecraft:crafting_table":10,"minecraft:cooked_beef":10,"minecraft:andesite":24,"minecraft:leather":9,"minecraft:tuff":49,"minecraft:gunpowder":2,"minecraft:lapis_lazuli":40,"minecraft:dirt":9,"minecraft:raw_copper":2,"minecraft:cooked_mutton":2,"minecraft:bone":1,"minecraft:wheat_seeds":3,"minecraft:cobbled_deepslate":715,"minecraft:raw_gold":10,"minecraft:beef":16,"minecraft:sugar_cane":13,"minecraft:furnace":5,"minecraft:raw_iron":27,"minecraft:torch":6,"minecraft:dandelion":1,"minecraft:porkchop":25,"minecraft:diorite":14,"minecraft:white_bed":3,"minecraft:spruce_log":21,"minecraft:redstone":17,"minecraft:arrow":2,"minecraft:rotten_flesh":8,"minecraft:diamond":16,"minecraft:spruce_boat":3,"minecraft:hay_block":3,"minecraft:granite":5,"minecraft:mutton":7,"minecraft:coal":78,"minecraft:white_wool":3,"minecraft:cobblestone":173},"minecraft:broken":{"minecraft:stone_pickaxe":4,"minecraft:iron_pickaxe":2,"minecraft:wooden_pickaxe":1},"minecraft:crafted":{"minecraft:cooked_beef":13,"minecraft:cooked_porkchop":14,"minecraft:crafting_table":2,"minecraft:spruce_planks":60,"minecraft:wooden_pickaxe":1,"minecraft:iron_sword":1,"minecraft:furnace":1,"minecraft:air":0,"minecraft:iron_chestplate":1,"minecraft:diamond_pickaxe":1,"minecraft:shield":1,"minecraft:stick":24,"minecraft:iron_ingot":27,"minecraft:iron_pickaxe":3,"minecraft:stone_pickaxe":4,"minecraft:stone_sword":1,"minecraft:iron_leggings":1,"minecraft:white_bed":1,"minecraft:spruce_boat":2,"minecraft:torch":16}},"DataVersion":3953}