{"stats":{"minecraft:mined":{"minecraft:short_grass":6,"minecraft:spruce_log":1,"minecraft:dandelion":1},"minecraft:custom":{"minecraft:jump":119,"minecraft:time_since_rest":10381,"minecraft:damage_dealt":115,"minecraft:crouch_one_cm":29,"minecraft:damage_taken":60,"minecraft:leave_game":3,"minecraft:play_time":10381,"minecraft:sprint_one_cm":7160,"minecraft:time_since_death":10381,"minecraft:walk_one_cm":19610,"minecraft:sneak_time":4,"minecraft:total_world_time":10381,"minecraft:mob_kills":1,"minecraft:fall_one_cm":2566,"minecraft:fly_one_cm":11375},"minecraft:killed":{"minecraft:pig":1},"minecraft:used":{"minecraft:dandelion":1},"minecraft:picked_up":{"minecraft:porkchop":2,"minecraft:dandelion":1}},"DataVersion":3953}