{"stats":{"minecraft:mined":{"minecraft:podzol":1,"minecraft:tuff":31,"minecraft:furnace":2,"minecraft:iron_ore":22,"minecraft:spruce_log":9,"minecraft:andesite":24,"minecraft:dandelion":1,"minecraft:torch":4,"minecraft:crafting_table":6,"minecraft:granite":5,"minecraft:short_grass":7,"minecraft:grass_block":2,"minecraft:coal_ore":76,"minecraft:deepslate_iron_ore":4,"minecraft:dirt":6,"minecraft:copper_ore":1,"minecraft:cobblestone":3,"minecraft:lapis_ore":6,"minecraft:stone":148,"minecraft:deepslate":205,"minecraft:diorite":12,"minecraft:wall_torch":1},"minecraft:custom":{"minecraft:time_since_rest":39754,"minecraft:interact_with_furnace":9,"minecraft:sprint_one_cm":24075,"minecraft:damage_taken":150,"minecraft:walk_one_cm":117370,"minecraft:mob_kills":2,"minecraft:damage_dealt":315,"minecraft:interact_with_crafting_table":12,"minecraft:fly_one_cm":26045,"minecraft:crouch_one_cm":4788,"minecraft:play_time":52381,"minecraft:deaths":1,"minecraft:sneak_time":3845,"minecraft:jump":359,"minecraft:leave_game":3,"minecraft:time_since_death":39728,"minecraft:climb_one_cm":549,"minecraft:total_world_time":52381,"minecraft:fall_one_cm":6561},"minecraft:killed":{"minecraft:skeleton":1,"minecraft:pig":1},"minecraft:used":{"minecraft:stone_pickaxe":471,"minecraft:iron_pickaxe":11,"minecraft:iron_sword":4,"minecraft:wooden_pickaxe":59,"minecraft:torch":11,"minecraft:dirt":8,"minecraft:cobblestone":9,"minecraft:crafting_table":7,"minecraft:furnace":3,"minecraft:andesite":1,"minecraft:dandelion":1},"minecraft:picked_up":{"minecraft:raw_iron":26,"minecraft:crafting_table":6,"minecraft:andesite":24,"minecraft:torch":5,"minecraft:dandelion":1,"minecraft:porkchop":4,"minecraft:tuff":25,"minecraft:diorite":12,"minecraft:spruce_log":14,"minecraft:lapis_lazuli":40,"minecraft:dirt":9,"minecraft:raw_copper":2,"minecraft:wheat_seeds":2,"minecraft:cobbled_deepslate":193,"minecraft:granite":5,"minecraft:coal":76,"minecraft:cobblestone":151,"minecraft:furnace":2},"minecraft:broken":{"minecraft:stone_pickaxe":3,"minecraft:wooden_pickaxe":1},"minecraft:crafted":{"minecraft:iron_chestplate":1,"minecraft:cooked_porkchop":2,"minecraft:shield":1,"minecraft:crafting_table":1,"minecraft:spruce_planks":32,"minecraft:stick":20,"minecraft:iron_pickaxe":2,"minecraft:iron_ingot":17,"minecraft:wooden_pickaxe":1,"minecraft:stone_pickaxe":4,"minecraft:stone_sword":1,"minecraft:iron_sword":1,"minecraft:furnace":1,"minecraft:torch":12,"minecraft:air":0}},"DataVersion":3953}