{"stats":{"minecraft:mined":{"minecraft:podzol":1,"minecraft:furnace":1,"minecraft:iron_ore":3,"minecraft:spruce_log":9,"minecraft:andesite":12,"minecraft:dandelion":1,"minecraft:torch":1,"minecraft:crafting_table":4,"minecraft:short_grass":7,"minecraft:grass_block":2,"minecraft:coal_ore":76,"minecraft:dirt":6,"minecraft:copper_ore":1,"minecraft:lapis_ore":6,"minecraft:stone":122,"minecraft:wall_torch":1},"minecraft:custom":{"minecraft:time_since_rest":15754,"minecraft:interact_with_furnace":3,"minecraft:sprint_one_cm":22254,"minecraft:damage_taken":90,"minecraft:walk_one_cm":52561,"minecraft:mob_kills":1,"minecraft:damage_dealt":115,"minecraft:interact_with_crafting_table":6,"minecraft:fly_one_cm":25968,"minecraft:crouch_one_cm":1858,"minecraft:play_time":28381,"minecraft:deaths":1,"minecraft:sneak_time":1223,"minecraft:jump":230,"minecraft:leave_game":3,"minecraft:time_since_death":15728,"minecraft:total_world_time":28381,"minecraft:fall_one_cm":5742},"minecraft:killed":{"minecraft:pig":1},"minecraft:used":{"minecraft:stone_pickaxe":164,"minecraft:wooden_pickaxe":59,"minecraft:torch":6,"minecraft:dirt":8,"minecraft:cobblestone":2,"minecraft:crafting_table":4,"minecraft:furnace":1,"minecraft:andesite":1,"minecraft:dandelion":1},"minecraft:picked_up":{"minecraft:raw_iron":3,"minecraft:crafting_table":4,"minecraft:andesite":12,"minecraft:torch":2,"minecraft:dandelion":1,"minecraft:porkchop":4,"minecraft:spruce_log":14,"minecraft:lapis_lazuli":40,"minecraft:dirt":9,"minecraft:raw_copper":2,"minecraft:wheat_seeds":2,"minecraft:coal":76,"minecraft:cobblestone":122,"minecraft:furnace":1},"minecraft:broken":{"minecraft:stone_pickaxe":1,"minecraft:wooden_pickaxe":1},"minecraft:crafted":{"minecraft:cooked_porkchop":2,"minecraft:crafting_table":1,"minecraft:spruce_planks":32,"minecraft:stick":12,"minecraft:iron_pickaxe":1,"minecraft:iron_ingot":3,"minecraft:wooden_pickaxe":1,"minecraft:stone_pickaxe":2,"minecraft:stone_sword":1,"minecraft:furnace":1,"minecraft:torch":12,"minecraft:air":0}},"DataVersion":3953}