{"stats":{"minecraft:broken":{"minecraft:wooden_pickaxe":1,"minecraft:stone_pickaxe":4,"minecraft:iron_pickaxe":2},"minecraft:mined":{"minecraft:tuff":55,"minecraft:white_bed":3,"minecraft:deepslate_diamond_ore":16,"minecraft:obsidian":1,"minecraft:granite":5,"minecraft:acacia_log":7,"minecraft:grass_block":3,"minecraft:jungle_planks":1,"minecraft:spruce_leaves":2,"minecraft:tuff_bricks":2,"minecraft:hay_block":53,"minecraft:furnace":5,"minecraft:dark_oak_trapdoor":1,"minecraft:iron_ore":22,"minecraft:polished_tuff":4,"minecraft:andesite":24,"minecraft:potatoes":2,"minecraft:deepslate_iron_ore":15,"minecraft:stone":167,"minecraft:podzol":1,"minecraft:deepslate_redstone_ore":4,"minecraft:dandelion":1,"minecraft:crafting_table":10,"minecraft:torch":5,"minecraft:short_grass":10,"minecraft:mud_brick_stairs":1,"minecraft:chest":1,"minecraft:copper_ore":1,"minecraft:cobblestone":8,"minecraft:lapis_ore":6,"minecraft:deepslate_gold_ore":10,"minecraft:oak_planks":1,"minecraft:sugar_cane":4,"minecraft:diorite":18,"minecraft:wall_torch":1,"minecraft:spruce_log":16,"minecraft:coal_ore":76,"minecraft:waxed_oxidized_copper":2,"minecraft:sand":8,"minecraft:dirt":17,"minecraft:deepslate":771,"minecraft:fern":2},"minecraft:dropped":{"minecraft:wheat_seeds":2,"minecraft:cooked_beef":1,"minecraft:cobblestone":30,"minecraft:granite":5,"minecraft:coal":2,"minecraft:dirt":1,"minecraft:diorite":14,"minecraft:dead_bush":2,"minecraft:bone":1,"minecraft:cobbled_deepslate":1,"minecraft:raw_copper":2,"minecraft:rotten_flesh":1,"minecraft:spruce_boat":2,"minecraft:gunpowder":2,"minecraft:andesite":23},"minecraft:killed":{"minecraft:spider":1,"minecraft:skeleton":5,"minecraft:chicken":2,"minecraft:drowned":1,"minecraft:husk":2,"minecraft:pig":9,"minecraft:zombie_villager":1,"minecraft:creeper":1,"minecraft:sheep":3,"minecraft:zombie":11,"minecraft:stray":6,"minecraft:breeze":1,"minecraft:cow":7},"minecraft:custom":{"minecraft:mob_kills":53,"minecraft:interact_with_crafting_table":33,"minecraft:bell_ring":16,"minecraft:leave_game":4,"minecraft:time_since_death":166804,"minecraft:climb_one_cm":1071,"minecraft:sprint_one_cm":295477,"minecraft:walk_one_cm":423183,"minecraft:damage_blocked_by_shield":703,"minecraft:drop":19,"minecraft:talked_to_villager":1,"minecraft:play_time":179457,"minecraft:deaths":1,"minecraft:sneak_time":8578,"minecraft:walk_under_water_one_cm":7612,"minecraft:boat_one_cm":398339,"minecraft:jump":2549,"minecraft:walk_on_water_one_cm":14263,"minecraft:total_world_time":179457,"minecraft:interact_with_furnace":31,"minecraft:interact_with_cartography_table":1,"minecraft:sleep_in_bed":4,"minecraft:time_since_rest":40427,"minecraft:damage_taken":1565,"minecraft:damage_dealt":7980,"minecraft:swim_one_cm":33085,"minecraft:fly_one_cm":391926,"minecraft:open_chest":38,"minecraft:crouch_one_cm":18196,"minecraft:fall_one_cm":57610},"minecraft:crafted":{"minecraft:cobblestone_slab":6,"minecraft:furnace":1,"minecraft:stone_pickaxe":4,"minecraft:chest":3,"minecraft:spruce_boat":2,"minecraft:wheat":477,"minecraft:cooked_beef":13,"minecraft:cooked_porkchop":14,"minecraft:crafting_table":3,"minecraft:spruce_planks":60,"minecraft:wooden_pickaxe":1,"minecraft:iron_sword":1,"minecraft:bread":137,"minecraft:air":0,"minecraft:iron_chestplate":1,"minecraft:diamond_pickaxe":1,"minecraft:shield":1,"minecraft:stick":24,"minecraft:iron_ingot":27,"minecraft:iron_pickaxe":3,"minecraft:stone_sword":1,"minecraft:iron_leggings":1,"minecraft:white_bed":1,"minecraft:acacia_planks":28,"minecraft:torch":16},"minecraft:used":{"minecraft:chest":4,"minecraft:shield":24,"minecraft:iron_sword":156,"minecraft:rotten_flesh":5,"minecraft:trial_key":1,"minecraft:torch":18,"minecraft:dirt":8,"minecraft:obsidian":1,"minecraft:spruce_boat":3,"minecraft:bow":1,"minecraft:furnace":6,"minecraft:potato":2,"minecraft:cooked_beef":6,"minecraft:acacia_planks":1,"minecraft:cobbled_deepslate":106,"minecraft:stone_pickaxe":525,"minecraft:oak_planks":1,"minecraft:wooden_pickaxe":59,"minecraft:cut_sandstone":1,"minecraft:cobblestone_slab":3,"minecraft:crafting_table":13,"minecraft:white_bed":4,"minecraft:polished_tuff":2,"minecraft:diamond_pickaxe":82,"minecraft:bread":2,"minecraft:iron_pickaxe":551,"minecraft:cobblestone":87,"minecraft:cooked_porkchop":14,"minecraft:andesite":1,"minecraft:dandelion":1},"minecraft:picked_up":{"minecraft:crafting_table":10,"minecraft:wind_charge":1,"minecraft:raw_copper":2,"minecraft:cobbled_deepslate":752,"minecraft:beef":16,"minecraft:trial_key":3,"minecraft:sugar_cane":13,"minecraft:chest":1,"minecraft:waxed_oxidized_copper":2,"minecraft:furnace":5,"minecraft:tipped_arrow":8,"minecraft:raw_iron":37,"minecraft:acacia_log":7,"minecraft:torch":6,"minecraft:porkchop":25,"minecraft:diorite":18,"minecraft:redstone":17,"minecraft:arrow":13,"minecraft:rotten_flesh":15,"minecraft:hay_block":53,"minecraft:tuff_bricks":2,"minecraft:obsidian":1,"minecraft:mutton":7,"minecraft:cobblestone":206,"minecraft:white_wool":3,"minecraft:cooked_beef":10,"minecraft:golden_carrot":2,"minecraft:andesite":24,"minecraft:leather":9,"minecraft:cut_sandstone":1,"minecraft:potato":2,"minecraft:tuff":49,"minecraft:gunpowder":2,"minecraft:lapis_lazuli":40,"minecraft:dirt":15,"minecraft:cooked_mutton":2,"minecraft:smooth_sandstone":1,"minecraft:bone":19,"minecraft:acacia_planks":11,"minecraft:bow":1,"minecraft:wheat_seeds":3,"minecraft:raw_gold":10,"minecraft:oak_planks":2,"minecraft:dandelion":1,"minecraft:sand":1,"minecraft:white_bed":3,"minecraft:spruce_log":21,"minecraft:polished_tuff":4,"minecraft:diamond":16,"minecraft:spruce_boat":3,"minecraft:granite":5,"minecraft:breeze_rod":2,"minecraft:coal":78}},"DataVersion":3953}