{"stats":{"minecraft:broken":{"minecraft:wooden_pickaxe":1,"minecraft:stone_pickaxe":4,"minecraft:iron_pickaxe":2},"minecraft:mined":{"minecraft:tuff":55,"minecraft:white_bed":3,"minecraft:deepslate_diamond_ore":16,"minecraft:obsidian":1,"minecraft:granite":5,"minecraft:acacia_log":7,"minecraft:grass_block":3,"minecraft:jungle_planks":1,"minecraft:spruce_leaves":2,"minecraft:tuff_bricks":2,"minecraft:hay_block":53,"minecraft:furnace":5,"minecraft:dark_oak_trapdoor":1,"minecraft:iron_ore":22,"minecraft:polished_tuff":4,"minecraft:andesite":24,"minecraft:potatoes":2,"minecraft:deepslate_iron_ore":15,"minecraft:stone":167,"minecraft:podzol":1,"minecraft:deepslate_redstone_ore":4,"minecraft:dandelion":1,"minecraft:crafting_table":10,"minecraft:torch":5,"minecraft:short_grass":15,"minecraft:mud_brick_stairs":1,"minecraft:chest":1,"minecraft:tall_grass":2,"minecraft:copper_ore":1,"minecraft:cobblestone":8,"minecraft:lapis_ore":6,"minecraft:deepslate_gold_ore":10,"minecraft:oak_planks":1,"minecraft:sugar_cane":4,"minecraft:diorite":18,"minecraft:wall_torch":1,"minecraft:wheat":7,"minecraft:spruce_log":16,"minecraft:coal_ore":76,"minecraft:waxed_oxidized_copper":2,"minecraft:sand":8,"minecraft:dirt":17,"minecraft:deepslate":771,"minecraft:fern":2},"minecraft:dropped":{"minecraft:wheat_seeds":2,"minecraft:cooked_beef":1,"minecraft:cobblestone":30,"minecraft:granite":5,"minecraft:coal":2,"minecraft:dirt":1,"minecraft:diorite":14,"minecraft:dead_bush":2,"minecraft:bone":1,"minecraft:cobbled_deepslate":1,"minecraft:raw_copper":2,"minecraft:rotten_flesh":1,"minecraft:spruce_boat":2,"minecraft:gunpowder":2,"minecraft:andesite":23},"minecraft:killed":{"minecraft:spider":1,"minecraft:skeleton":6,"minecraft:chicken":2,"minecraft:drowned":1,"minecraft:husk":2,"minecraft:pig":11,"minecraft:zombie_villager":1,"minecraft:creeper":1,"minecraft:sheep":3,"minecraft:zombie":11,"minecraft:stray":6,"minecraft:breeze":1,"minecraft:cow":16},"minecraft:custom":{"minecraft:interact_with_anvil":2,"minecraft:mob_kills":65,"minecraft:interact_with_crafting_table":39,"minecraft:bell_ring":26,"minecraft:leave_game":5,"minecraft:time_since_death":204366,"minecraft:climb_one_cm":1071,"minecraft:sprint_one_cm":345921,"minecraft:walk_one_cm":455034,"minecraft:damage_blocked_by_shield":753,"minecraft:drop":19,"minecraft:talked_to_villager":4,"minecraft:play_time":217019,"minecraft:deaths":1,"minecraft:sneak_time":9516,"minecraft:walk_under_water_one_cm":8125,"minecraft:boat_one_cm":398339,"minecraft:jump":2988,"minecraft:walk_on_water_one_cm":15185,"minecraft:total_world_time":217019,"minecraft:interact_with_furnace":36,"minecraft:interact_with_cartography_table":1,"minecraft:sleep_in_bed":4,"minecraft:time_since_rest":77989,"minecraft:damage_taken":1611,"minecraft:damage_dealt":9413,"minecraft:swim_one_cm":33977,"minecraft:fly_one_cm":483267,"minecraft:open_chest":51,"minecraft:crouch_one_cm":23167,"minecraft:fall_one_cm":67669},"minecraft:crafted":{"minecraft:cobblestone_slab":6,"minecraft:furnace":1,"minecraft:cooked_mutton":7,"minecraft:iron_boots":1,"minecraft:stone_pickaxe":4,"minecraft:chest":3,"minecraft:spruce_boat":2,"minecraft:wheat":477,"minecraft:cooked_beef":13,"minecraft:cooked_porkchop":14,"minecraft:crafting_table":3,"minecraft:spruce_planks":60,"minecraft:iron_helmet":1,"minecraft:wooden_pickaxe":1,"minecraft:iron_sword":1,"minecraft:bread":161,"minecraft:air":0,"minecraft:book":4,"minecraft:paper":12,"minecraft:iron_chestplate":1,"minecraft:diamond_pickaxe":1,"minecraft:shield":1,"minecraft:stick":24,"minecraft:iron_ingot":37,"minecraft:iron_pickaxe":3,"minecraft:stone_sword":1,"minecraft:iron_leggings":1,"minecraft:white_bed":1,"minecraft:acacia_planks":28,"minecraft:torch":16},"minecraft:used":{"minecraft:chest":4,"minecraft:shield":26,"minecraft:iron_sword":191,"minecraft:rotten_flesh":5,"minecraft:trial_key":1,"minecraft:torch":18,"minecraft:dirt":8,"minecraft:obsidian":1,"minecraft:spruce_boat":3,"minecraft:bow":1,"minecraft:furnace":6,"minecraft:potato":2,"minecraft:cooked_beef":6,"minecraft:acacia_planks":1,"minecraft:cobbled_deepslate":106,"minecraft:wheat_seeds":19,"minecraft:cooked_mutton":3,"minecraft:stone_pickaxe":525,"minecraft:oak_planks":1,"minecraft:wooden_pickaxe":59,"minecraft:cut_sandstone":1,"minecraft:cobblestone_slab":3,"minecraft:crafting_table":13,"minecraft:white_bed":4,"minecraft:polished_tuff":3,"minecraft:diamond_pickaxe":82,"minecraft:wind_charge":1,"minecraft:bread":2,"minecraft:iron_pickaxe":551,"minecraft:cobblestone":87,"minecraft:cooked_porkchop":14,"minecraft:andesite":1,"minecraft:dandelion":1},"minecraft:picked_up":{"minecraft:crafting_table":10,"minecraft:wheat":6,"minecraft:wind_charge":1,"minecraft:raw_copper":2,"minecraft:cobbled_deepslate":752,"minecraft:beef":38,"minecraft:trial_key":3,"minecraft:poppy":1,"minecraft:sugar_cane":13,"minecraft:chest":1,"minecraft:waxed_oxidized_copper":2,"minecraft:furnace":5,"minecraft:tipped_arrow":8,"minecraft:raw_iron":37,"minecraft:sandstone":2,"minecraft:acacia_log":7,"minecraft:torch":6,"minecraft:porkchop":27,"minecraft:diorite":18,"minecraft:redstone":17,"minecraft:arrow":14,"minecraft:rotten_flesh":15,"minecraft:hay_block":53,"minecraft:tuff_bricks":2,"minecraft:obsidian":1,"minecraft:mutton":7,"minecraft:cobblestone":206,"minecraft:white_wool":3,"minecraft:cooked_beef":10,"minecraft:golden_carrot":2,"minecraft:andesite":24,"minecraft:leather":16,"minecraft:cut_sandstone":1,"minecraft:potato":2,"minecraft:tuff":49,"minecraft:gunpowder":2,"minecraft:lapis_lazuli":40,"minecraft:dirt":15,"minecraft:cooked_mutton":2,"minecraft:smooth_sandstone":2,"minecraft:bone":20,"minecraft:acacia_planks":11,"minecraft:bow":1,"minecraft:wheat_seeds":23,"minecraft:raw_gold":10,"minecraft:oak_planks":2,"minecraft:dandelion":1,"minecraft:sand":13,"minecraft:white_bed":3,"minecraft:spruce_log":21,"minecraft:polished_tuff":4,"minecraft:diamond":16,"minecraft:spruce_boat":3,"minecraft:granite":5,"minecraft:breeze_rod":2,"minecraft:coal":78}},"DataVersion":3953}