{"stats":{"minecraft:broken":{"minecraft:wooden_pickaxe":1,"minecraft:stone_pickaxe":4,"minecraft:iron_pickaxe":2},"minecraft:mined":{"minecraft:yellow_terracotta":4,"minecraft:tuff":55,"minecraft:white_bed":3,"minecraft:deepslate_diamond_ore":16,"minecraft:obsidian":1,"minecraft:granite":10,"minecraft:red_sand":1,"minecraft:acacia_log":7,"minecraft:grass_block":3,"minecraft:jungle_planks":1,"minecraft:spruce_leaves":2,"minecraft:tuff_bricks":2,"minecraft:hay_block":53,"minecraft:furnace":5,"minecraft:dark_oak_trapdoor":1,"minecraft:iron_ore":32,"minecraft:polished_tuff":4,"minecraft:andesite":55,"minecraft:potatoes":2,"minecraft:rail":8,"minecraft:deepslate_iron_ore":15,"minecraft:stone":248,"minecraft:podzol":1,"minecraft:deepslate_redstone_ore":4,"minecraft:orange_terracotta":13,"minecraft:dandelion":1,"minecraft:crafting_table":10,"minecraft:torch":6,"minecraft:short_grass":15,"minecraft:mud_brick_stairs":1,"minecraft:chest":1,"minecraft:tall_grass":2,"minecraft:copper_ore":1,"minecraft:cobblestone":10,"minecraft:lapis_ore":6,"minecraft:deepslate_gold_ore":10,"minecraft:sugar_cane":4,"minecraft:oak_planks":1,"minecraft:diorite":18,"minecraft:wall_torch":2,"minecraft:white_terracotta":3,"minecraft:wheat":7,"minecraft:spruce_log":16,"minecraft:coal_ore":83,"minecraft:waxed_oxidized_copper":2,"minecraft:gravel":4,"minecraft:sand":8,"minecraft:dirt":17,"minecraft:cobweb":7,"minecraft:terracotta":31,"minecraft:deepslate":771,"minecraft:fern":2},"minecraft:dropped":{"minecraft:wheat_seeds":2,"minecraft:cooked_beef":1,"minecraft:yellow_terracotta":3,"minecraft:cobblestone":30,"minecraft:granite":5,"minecraft:coal":2,"minecraft:dirt":2,"minecraft:diorite":14,"minecraft:dead_bush":2,"minecraft:bone":1,"minecraft:cobbled_deepslate":1,"minecraft:raw_copper":2,"minecraft:rotten_flesh":1,"minecraft:poppy":1,"minecraft:spruce_boat":2,"minecraft:gunpowder":2,"minecraft:orange_terracotta":7,"minecraft:andesite":23,"minecraft:spider_eye":1,"minecraft:terracotta":12},"minecraft:killed":{"minecraft:spider":3,"minecraft:skeleton":11,"minecraft:chicken":2,"minecraft:drowned":1,"minecraft:husk":2,"minecraft:pig":11,"minecraft:zombie_villager":1,"minecraft:bat":1,"minecraft:creeper":1,"minecraft:sheep":3,"minecraft:zombie":11,"minecraft:stray":6,"minecraft:breeze":1,"minecraft:cow":16},"minecraft:custom":{"minecraft:mob_kills":75,"minecraft:interact_with_anvil":2,"minecraft:interact_with_crafting_table":39,"minecraft:bell_ring":29,"minecraft:leave_game":6,"minecraft:time_since_death":239233,"minecraft:climb_one_cm":1071,"minecraft:sprint_one_cm":444551,"minecraft:walk_one_cm":527697,"minecraft:damage_blocked_by_shield":875,"minecraft:drop":25,"minecraft:talked_to_villager":4,"minecraft:play_time":251886,"minecraft:deaths":1,"minecraft:sneak_time":11123,"minecraft:walk_under_water_one_cm":8125,"minecraft:boat_one_cm":398339,"minecraft:jump":3392,"minecraft:walk_on_water_one_cm":16284,"minecraft:total_world_time":251886,"minecraft:interact_with_furnace":37,"minecraft:interact_with_cartography_table":1,"minecraft:sleep_in_bed":5,"minecraft:time_since_rest":24654,"minecraft:damage_taken":1771,"minecraft:damage_dealt":11074,"minecraft:swim_one_cm":33977,"minecraft:fly_one_cm":538999,"minecraft:open_chest":61,"minecraft:crouch_one_cm":32363,"minecraft:fall_one_cm":75994},"minecraft:crafted":{"minecraft:cobblestone_slab":6,"minecraft:furnace":1,"minecraft:cooked_mutton":7,"minecraft:iron_boots":1,"minecraft:stone_pickaxe":4,"minecraft:chest":3,"minecraft:spruce_boat":2,"minecraft:wheat":477,"minecraft:cooked_beef":13,"minecraft:cooked_porkchop":14,"minecraft:crafting_table":3,"minecraft:spruce_planks":60,"minecraft:wooden_pickaxe":1,"minecraft:iron_helmet":1,"minecraft:iron_sword":1,"minecraft:bread":161,"minecraft:air":0,"minecraft:iron_chestplate":1,"minecraft:book":4,"minecraft:paper":12,"minecraft:diamond_pickaxe":1,"minecraft:shield":1,"minecraft:stick":24,"minecraft:iron_ingot":37,"minecraft:iron_pickaxe":3,"minecraft:stone_sword":1,"minecraft:iron_leggings":1,"minecraft:white_bed":1,"minecraft:acacia_planks":28,"minecraft:torch":16},"minecraft:used":{"minecraft:chest":4,"minecraft:shield":30,"minecraft:iron_sword":228,"minecraft:rotten_flesh":5,"minecraft:trial_key":1,"minecraft:torch":24,"minecraft:dirt":8,"minecraft:granite":5,"minecraft:obsidian":1,"minecraft:spruce_boat":3,"minecraft:bow":1,"minecraft:furnace":6,"minecraft:cooked_beef":11,"minecraft:cobbled_deepslate":106,"minecraft:potato":2,"minecraft:acacia_planks":1,"minecraft:orange_terracotta":13,"minecraft:wheat_seeds":19,"minecraft:cooked_mutton":3,"minecraft:stone_pickaxe":525,"minecraft:oak_planks":1,"minecraft:wooden_pickaxe":59,"minecraft:cut_sandstone":1,"minecraft:cobblestone_slab":3,"minecraft:terracotta":31,"minecraft:yellow_terracotta":4,"minecraft:crafting_table":13,"minecraft:white_bed":4,"minecraft:polished_tuff":3,"minecraft:diamond_pickaxe":118,"minecraft:iron_pickaxe":714,"minecraft:wind_charge":1,"minecraft:bread":2,"minecraft:gravel":3,"minecraft:cobblestone":127,"minecraft:cooked_porkchop":14,"minecraft:andesite":32,"minecraft:dandelion":1},"minecraft:picked_up":{"minecraft:crafting_table":10,"minecraft:wheat":6,"minecraft:wind_charge":1,"minecraft:string":8,"minecraft:raw_copper":2,"minecraft:cobbled_deepslate":752,"minecraft:beef":38,"minecraft:trial_key":3,"minecraft:poppy":1,"minecraft:sugar_cane":13,"minecraft:chest":1,"minecraft:waxed_oxidized_copper":2,"minecraft:furnace":5,"minecraft:tipped_arrow":8,"minecraft:raw_iron":46,"minecraft:sandstone":2,"minecraft:acacia_log":7,"minecraft:torch":8,"minecraft:porkchop":27,"minecraft:diorite":18,"minecraft:redstone":17,"minecraft:arrow":21,"minecraft:rotten_flesh":19,"minecraft:hay_block":53,"minecraft:yellow_terracotta":7,"minecraft:tuff_bricks":2,"minecraft:obsidian":1,"minecraft:mutton":7,"minecraft:rail":8,"minecraft:cobblestone":289,"minecraft:white_wool":3,"minecraft:cooked_beef":10,"minecraft:golden_carrot":2,"minecraft:andesite":55,"minecraft:cut_sandstone":1,"minecraft:leather":16,"minecraft:potato":2,"minecraft:tuff":49,"minecraft:gunpowder":2,"minecraft:lapis_lazuli":40,"minecraft:dirt":16,"minecraft:orange_terracotta":20,"minecraft:cooked_mutton":2,"minecraft:smooth_sandstone":2,"minecraft:bone":29,"minecraft:acacia_planks":11,"minecraft:bow":2,"minecraft:wheat_seeds":23,"minecraft:raw_gold":10,"minecraft:oak_planks":2,"minecraft:gravel":3,"minecraft:dandelion":1,"minecraft:sand":13,"minecraft:white_bed":3,"minecraft:spruce_log":21,"minecraft:spider_eye":1,"minecraft:polished_tuff":4,"minecraft:diamond":16,"minecraft:spruce_boat":3,"minecraft:breeze_rod":2,"minecraft:granite":10,"minecraft:terracotta":43,"minecraft:coal":85}},"DataVersion":3953}