{"stats":{"minecraft:mined":{"minecraft:podzol":1,"minecraft:furnace":1,"minecraft:sweet_berry_bush":3,"minecraft:spruce_log":33,"minecraft:crafting_table":2,"minecraft:coal_ore":20,"minecraft:dirt":2,"minecraft:spruce_leaves":10,"minecraft:stone":24,"minecraft:fern":4},"minecraft:custom":{"minecraft:time_since_rest":17772,"minecraft:interact_with_furnace":2,"minecraft:sprint_one_cm":19485,"minecraft:damage_taken":180,"minecraft:walk_one_cm":52910,"minecraft:mob_kills":1,"minecraft:damage_dealt":100,"minecraft:interact_with_crafting_table":4,"minecraft:fly_one_cm":12124,"minecraft:crouch_one_cm":89,"minecraft:play_time":17772,"minecraft:sneak_time":43,"minecraft:walk_under_water_one_cm":2364,"minecraft:boat_one_cm":39545,"minecraft:jump":177,"minecraft:leave_game":2,"minecraft:time_since_death":17772,"minecraft:walk_on_water_one_cm":354,"minecraft:total_world_time":17772,"minecraft:fall_one_cm":1835},"minecraft:killed":{"minecraft:pig":1},"minecraft:used":{"minecraft:spruce_boat":2,"minecraft:stone_sword":3,"minecraft:stone_pickaxe":22,"minecraft:wooden_pickaxe":26,"minecraft:stone_axe":38,"minecraft:dirt":3,"minecraft:cobblestone":3,"minecraft:sweet_berries":2,"minecraft:crafting_table":3,"minecraft:furnace":1,"minecraft:cooked_porkchop":2},"minecraft:picked_up":{"minecraft:crafting_table":2,"minecraft:sweet_berries":2,"minecraft:porkchop":2,"minecraft:spruce_log":32,"minecraft:dirt":3,"minecraft:spruce_boat":1,"minecraft:wheat_seeds":2,"minecraft:coal":39,"minecraft:cobblestone":24,"minecraft:furnace":1},"minecraft:crafted":{"minecraft:cooked_porkchop":2,"minecraft:crafting_table":2,"minecraft:spruce_planks":24,"minecraft:stick":8,"minecraft:wooden_pickaxe":1,"minecraft:stone_pickaxe":1,"minecraft:stone_sword":1,"minecraft:furnace":1,"minecraft:spruce_boat":1,"minecraft:stone_axe":1,"minecraft:air":0}},"DataVersion":3953}