{"stats":{"minecraft:mined":{"minecraft:podzol":1,"minecraft:furnace":1,"minecraft:sweet_berry_bush":3,"minecraft:spruce_log":33,"minecraft:crafting_table":2,"minecraft:short_grass":3,"minecraft:melon":1,"minecraft:coal_ore":20,"minecraft:dirt":2,"minecraft:spruce_leaves":10,"minecraft:stone":24,"minecraft:fern":5},"minecraft:custom":{"minecraft:time_since_rest":1003,"minecraft:interact_with_furnace":2,"minecraft:sprint_one_cm":44488,"minecraft:damage_taken":450,"minecraft:walk_one_cm":67580,"minecraft:mob_kills":7,"minecraft:damage_dealt":1239,"minecraft:swim_one_cm":2656,"minecraft:interact_with_crafting_table":4,"minecraft:fly_one_cm":26020,"minecraft:crouch_one_cm":619,"minecraft:deaths":1,"minecraft:play_time":28064,"minecraft:sneak_time":144,"minecraft:walk_under_water_one_cm":3414,"minecraft:boat_one_cm":188568,"minecraft:jump":495,"minecraft:leave_game":3,"minecraft:time_since_death":838,"minecraft:walk_on_water_one_cm":2792,"minecraft:total_world_time":28064,"minecraft:fall_one_cm":2253},"minecraft:killed_by":{"minecraft:creeper":1},"minecraft:killed":{"minecraft:sheep":2,"minecraft:skeleton":1,"minecraft:husk":1,"minecraft:zombie":2,"minecraft:pig":1},"minecraft:used":{"minecraft:spruce_boat":2,"minecraft:stone_sword":3,"minecraft:melon_slice":6,"minecraft:stone_pickaxe":22,"minecraft:wooden_pickaxe":26,"minecraft:stone_axe":55,"minecraft:dirt":3,"minecraft:cobblestone":3,"minecraft:sweet_berries":2,"minecraft:crafting_table":3,"minecraft:furnace":1,"minecraft:cooked_porkchop":2},"minecraft:picked_up":{"minecraft:crafting_table":2,"minecraft:sweet_berries":2,"minecraft:porkchop":2,"minecraft:spruce_log":32,"minecraft:dirt":3,"minecraft:bone":2,"minecraft:arrow":1,"minecraft:spruce_boat":1,"minecraft:wheat_seeds":2,"minecraft:melon_slice":7,"minecraft:mutton":3,"minecraft:coal":39,"minecraft:white_wool":2,"minecraft:cobblestone":24,"minecraft:furnace":1},"minecraft:crafted":{"minecraft:cooked_porkchop":2,"minecraft:crafting_table":2,"minecraft:spruce_planks":24,"minecraft:stick":8,"minecraft:wooden_pickaxe":1,"minecraft:stone_pickaxe":1,"minecraft:stone_sword":1,"minecraft:furnace":1,"minecraft:spruce_boat":1,"minecraft:stone_axe":1,"minecraft:air":0}},"DataVersion":3953}