{"stats":{"minecraft:broken":{"minecraft:stone_pickaxe":3},"minecraft:killed_by":{"minecraft:player":1,"minecraft:skeleton":2},"minecraft:mined":{"minecraft:spruce_planks":2,"minecraft:white_bed":1,"minecraft:glow_lichen":2,"minecraft:granite":9,"minecraft:red_sand":2,"minecraft:grass_block":19,"minecraft:spruce_leaves":15,"minecraft:kelp":8,"minecraft:large_fern":2,"minecraft:tall_seagrass":1,"minecraft:furnace":8,"minecraft:iron_ore":13,"minecraft:andesite":21,"minecraft:vine":1,"minecraft:bamboo":2,"minecraft:stone":231,"minecraft:podzol":2,"minecraft:brown_mushroom":63,"minecraft:kelp_plant":41,"minecraft:dandelion":2,"minecraft:crafting_table":8,"minecraft:smooth_sandstone":11,"minecraft:torch":4,"minecraft:short_grass":44,"minecraft:melon":19,"minecraft:dead_bush":1,"minecraft:copper_ore":1,"minecraft:tall_grass":1,"minecraft:cobblestone":24,"minecraft:lapis_ore":5,"minecraft:diorite":1,"minecraft:wall_torch":2,"minecraft:seagrass":3,"minecraft:birch_log":12,"minecraft:spruce_log":123,"minecraft:birch_leaves":2,"minecraft:coal_ore":174,"minecraft:oak_log":18,"minecraft:cocoa":1,"minecraft:gravel":1,"minecraft:sand":16,"minecraft:dirt":21,"minecraft:terracotta":2,"minecraft:oak_leaves":23,"minecraft:fern":7},"minecraft:dropped":{"minecraft:wheat_seeds":1,"minecraft:cooked_porkchop":1,"minecraft:diorite":1,"minecraft:melon_slice":25,"minecraft:bone_meal":1,"minecraft:raw_copper":5,"minecraft:oak_sapling":2,"minecraft:red_sand":1,"minecraft:terracotta":6},"minecraft:killed":{"minecraft:spider":1,"minecraft:cod":3,"minecraft:skeleton":2,"minecraft:chicken":7,"minecraft:pig":6,"minecraft:zombie_villager":1,"minecraft:salmon":9,"minecraft:sheep":14,"minecraft:zombie":3,"minecraft:cow":4},"minecraft:custom":{"minecraft:mob_kills":54,"minecraft:interact_with_crafting_table":33,"minecraft:leave_game":1,"minecraft:time_since_death":29986,"minecraft:climb_one_cm":1571,"minecraft:sprint_one_cm":360235,"minecraft:walk_one_cm":515928,"minecraft:drop":10,"minecraft:talked_to_villager":4,"minecraft:play_time":188341,"minecraft:deaths":5,"minecraft:sneak_time":7569,"minecraft:walk_under_water_one_cm":102042,"minecraft:boat_one_cm":510477,"minecraft:jump":3141,"minecraft:walk_on_water_one_cm":78140,"minecraft:total_world_time":188341,"minecraft:interact_with_furnace":62,"minecraft:sleep_in_bed":1,"minecraft:time_since_rest":5457,"minecraft:damage_taken":3611,"minecraft:damage_dealt":4474,"minecraft:swim_one_cm":132120,"minecraft:fly_one_cm":261275,"minecraft:open_chest":3,"minecraft:crouch_one_cm":20713,"minecraft:fall_one_cm":65322},"minecraft:crafted":{"minecraft:oak_planks":48,"minecraft:cobblestone_slab":6,"minecraft:cooked_chicken":6,"minecraft:furnace":1,"minecraft:cooked_mutton":11,"minecraft:iron_boots":1,"minecraft:stone_pickaxe":8,"minecraft:spruce_boat":2,"minecraft:cooked_beef":1,"minecraft:cooked_porkchop":9,"minecraft:crafting_table":5,"minecraft:spruce_planks":260,"minecraft:dried_kelp":44,"minecraft:wooden_pickaxe":4,"minecraft:cooked_salmon":3,"minecraft:stone_axe":3,"minecraft:air":0,"minecraft:stick":52,"minecraft:iron_ingot":13,"minecraft:wooden_axe":1,"minecraft:stone_sword":3,"minecraft:white_bed":2,"minecraft:torch":48},"minecraft:used":{"minecraft:stone_sword":226,"minecraft:dried_kelp":40,"minecraft:spruce_planks":5,"minecraft:cooked_salmon":3,"minecraft:cooked_chicken":8,"minecraft:rotten_flesh":2,"minecraft:torch":36,"minecraft:dirt":18,"minecraft:mutton":2,"minecraft:spruce_boat":2,"minecraft:wooden_axe":12,"minecraft:bamboo":11,"minecraft:furnace":6,"minecraft:cooked_beef":1,"minecraft:cooked_mutton":3,"minecraft:stone_pickaxe":450,"minecraft:wooden_pickaxe":118,"minecraft:sand":1,"minecraft:crafting_table":12,"minecraft:white_bed":2,"minecraft:cod":1,"minecraft:apple":1,"minecraft:melon_slice":11,"minecraft:stone_axe":162,"minecraft:cobblestone":77,"minecraft:cooked_porkchop":11,"minecraft:porkchop":2,"minecraft:andesite":5},"minecraft:picked_up":{"minecraft:crafting_table":10,"minecraft:chicken":7,"minecraft:brown_mushroom":66,"minecraft:wooden_pickaxe":1,"minecraft:raw_copper":5,"minecraft:red_sand":1,"minecraft:spruce_planks":5,"minecraft:beef":8,"minecraft:melon_slice":98,"minecraft:furnace":8,"minecraft:raw_iron":13,"minecraft:stick":19,"minecraft:torch":7,"minecraft:porkchop":14,"minecraft:diorite":1,"minecraft:arrow":2,"minecraft:rotten_flesh":7,"minecraft:mutton":23,"minecraft:cod":1,"minecraft:white_wool":11,"minecraft:cobblestone":265,"minecraft:birch_log":12,"minecraft:feather":8,"minecraft:andesite":21,"minecraft:salmon":7,"minecraft:leather":3,"minecraft:brown_wool":1,"minecraft:oak_log":19,"minecraft:gunpowder":2,"minecraft:lapis_lazuli":33,"minecraft:dirt":68,"minecraft:smooth_sandstone":10,"minecraft:bone":3,"minecraft:apple":2,"minecraft:kelp":170,"minecraft:wheat_seeds":3,"minecraft:rabbit_hide":1,"minecraft:cooked_chicken":3,"minecraft:bamboo":22,"minecraft:cooked_porkchop":3,"minecraft:dandelion":1,"minecraft:gravel":1,"minecraft:sand":58,"minecraft:spruce_sapling":2,"minecraft:white_bed":1,"minecraft:spruce_log":114,"minecraft:spider_eye":1,"minecraft:stone_axe":1,"minecraft:granite":9,"minecraft:bone_meal":1,"minecraft:terracotta":6,"minecraft:oak_sapling":2,"minecraft:black_wool":2,"minecraft:coal":269}},"DataVersion":3953}