{"stats":{"minecraft:mined":{"minecraft:podzol":2,"minecraft:brown_mushroom":1,"minecraft:kelp_plant":30,"minecraft:spruce_log":24,"minecraft:dandelion":1,"minecraft:crafting_table":2,"minecraft:short_grass":11,"minecraft:coal_ore":1,"minecraft:dirt":7,"minecraft:spruce_leaves":2,"minecraft:stone":42,"minecraft:kelp":2},"minecraft:custom":{"minecraft:time_since_rest":7082,"minecraft:sprint_one_cm":34444,"minecraft:interact_with_furnace":3,"minecraft:damage_taken":990,"minecraft:walk_one_cm":54130,"minecraft:mob_kills":3,"minecraft:damage_dealt":243,"minecraft:swim_one_cm":2412,"minecraft:interact_with_crafting_table":4,"minecraft:fly_one_cm":31917,"minecraft:crouch_one_cm":305,"minecraft:play_time":20741,"minecraft:deaths":3,"minecraft:sneak_time":476,"minecraft:walk_under_water_one_cm":23824,"minecraft:jump":328,"minecraft:walk_on_water_one_cm":20906,"minecraft:time_since_death":7057,"minecraft:total_world_time":20741,"minecraft:fall_one_cm":13542},"minecraft:killed_by":{"minecraft:player":1,"minecraft:skeleton":1},"minecraft:killed":{"minecraft:pig":1,"minecraft:salmon":2},"minecraft:used":{"minecraft:wooden_axe":12,"minecraft:wooden_pickaxe":45,"minecraft:cobblestone":3,"minecraft:crafting_table":4,"minecraft:porkchop":2,"minecraft:furnace":1,"minecraft:cooked_porkchop":1},"minecraft:picked_up":{"minecraft:crafting_table":4,"minecraft:salmon":2,"minecraft:brown_mushroom":2,"minecraft:wooden_pickaxe":1,"minecraft:dandelion":1,"minecraft:porkchop":3,"minecraft:spruce_sapling":2,"minecraft:spruce_log":24,"minecraft:dirt":9,"minecraft:kelp":136,"minecraft:wheat_seeds":1,"minecraft:spruce_planks":3,"minecraft:coal":4,"minecraft:cobblestone":59},"minecraft:crafted":{"minecraft:cooked_porkchop":1,"minecraft:crafting_table":2,"minecraft:spruce_planks":64,"minecraft:stick":16,"minecraft:wooden_pickaxe":2,"minecraft:wooden_axe":1,"minecraft:furnace":1,"minecraft:air":0}},"DataVersion":3953}