{"stats":{"minecraft:broken":{"minecraft:stone_pickaxe":2},"minecraft:killed_by":{"minecraft:player":1,"minecraft:skeleton":2},"minecraft:mined":{"minecraft:podzol":2,"minecraft:spruce_planks":2,"minecraft:brown_mushroom":1,"minecraft:kelp_plant":41,"minecraft:dandelion":2,"minecraft:crafting_table":4,"minecraft:glow_lichen":2,"minecraft:granite":9,"minecraft:short_grass":19,"minecraft:grass_block":12,"minecraft:copper_ore":1,"minecraft:spruce_leaves":7,"minecraft:lapis_ore":5,"minecraft:kelp":8,"minecraft:diorite":1,"minecraft:large_fern":1,"minecraft:seagrass":1,"minecraft:furnace":4,"minecraft:birch_log":12,"minecraft:iron_ore":13,"minecraft:spruce_log":72,"minecraft:andesite":21,"minecraft:birch_leaves":2,"minecraft:oak_log":6,"minecraft:coal_ore":146,"minecraft:gravel":1,"minecraft:dirt":21,"minecraft:stone":183,"minecraft:oak_leaves":13},"minecraft:killed":{"minecraft:pig":6,"minecraft:salmon":6,"minecraft:spider":1,"minecraft:cod":3,"minecraft:skeleton":2,"minecraft:zombie":2,"minecraft:chicken":3},"minecraft:custom":{"minecraft:interact_with_furnace":34,"minecraft:mob_kills":27,"minecraft:interact_with_crafting_table":16,"minecraft:leave_game":1,"minecraft:time_since_death":62603,"minecraft:time_since_rest":62646,"minecraft:sprint_one_cm":147410,"minecraft:damage_taken":2207,"minecraft:walk_one_cm":323604,"minecraft:damage_dealt":2320,"minecraft:swim_one_cm":26679,"minecraft:fly_one_cm":69922,"minecraft:crouch_one_cm":2959,"minecraft:play_time":98341,"minecraft:deaths":4,"minecraft:sneak_time":1716,"minecraft:walk_under_water_one_cm":62230,"minecraft:jump":1483,"minecraft:walk_on_water_one_cm":53220,"minecraft:total_world_time":98341,"minecraft:fall_one_cm":29216},"minecraft:crafted":{"minecraft:cooked_porkchop":9,"minecraft:crafting_table":4,"minecraft:spruce_planks":236,"minecraft:dried_kelp":30,"minecraft:wooden_pickaxe":3,"minecraft:furnace":1,"minecraft:cooked_salmon":3,"minecraft:stone_axe":2,"minecraft:air":0,"minecraft:stick":36,"minecraft:iron_ingot":10,"minecraft:stone_pickaxe":5,"minecraft:wooden_axe":1,"minecraft:stone_sword":2,"minecraft:torch":48},"minecraft:used":{"minecraft:stone_sword":134,"minecraft:stone_pickaxe":312,"minecraft:dried_kelp":30,"minecraft:spruce_planks":5,"minecraft:wooden_pickaxe":104,"minecraft:cooked_salmon":3,"minecraft:torch":24,"minecraft:mutton":2,"minecraft:crafting_table":7,"minecraft:wooden_axe":12,"minecraft:apple":1,"minecraft:stone_axe":69,"minecraft:cobblestone":3,"minecraft:furnace":3,"minecraft:porkchop":2,"minecraft:cooked_porkchop":7,"minecraft:andesite":5},"minecraft:picked_up":{"minecraft:birch_log":12,"minecraft:crafting_table":6,"minecraft:chicken":3,"minecraft:salmon":5,"minecraft:andesite":21,"minecraft:brown_mushroom":2,"minecraft:wooden_pickaxe":1,"minecraft:oak_log":6,"minecraft:lapis_lazuli":33,"minecraft:dirt":58,"minecraft:raw_copper":5,"minecraft:bone":3,"minecraft:apple":1,"minecraft:kelp":166,"minecraft:wheat_seeds":1,"minecraft:spruce_planks":5,"minecraft:furnace":4,"minecraft:stick":3,"minecraft:raw_iron":13,"minecraft:cooked_porkchop":2,"minecraft:torch":1,"minecraft:dandelion":1,"minecraft:gravel":1,"minecraft:porkchop":14,"minecraft:spruce_sapling":2,"minecraft:diorite":1,"minecraft:spruce_log":67,"minecraft:spider_eye":1,"minecraft:arrow":2,"minecraft:rotten_flesh":4,"minecraft:granite":9,"minecraft:bone_meal":1,"minecraft:black_wool":1,"minecraft:mutton":2,"minecraft:cod":1,"minecraft:coal":163,"minecraft:cobblestone":200}},"DataVersion":3953}