{"stats":{"minecraft:broken":{"minecraft:stone_pickaxe":3},"minecraft:killed_by":{"minecraft:player":1,"minecraft:skeleton":2},"minecraft:mined":{"minecraft:podzol":2,"minecraft:spruce_planks":2,"minecraft:brown_mushroom":63,"minecraft:kelp_plant":41,"minecraft:smooth_sandstone":11,"minecraft:dandelion":2,"minecraft:torch":4,"minecraft:crafting_table":7,"minecraft:glow_lichen":2,"minecraft:granite":9,"minecraft:short_grass":22,"minecraft:red_sand":2,"minecraft:melon":17,"minecraft:grass_block":17,"minecraft:dead_bush":1,"minecraft:tall_grass":1,"minecraft:copper_ore":1,"minecraft:cobblestone":24,"minecraft:spruce_leaves":15,"minecraft:lapis_ore":5,"minecraft:kelp":8,"minecraft:diorite":1,"minecraft:wall_torch":2,"minecraft:large_fern":2,"minecraft:seagrass":1,"minecraft:furnace":7,"minecraft:birch_log":12,"minecraft:iron_ore":13,"minecraft:spruce_log":123,"minecraft:andesite":21,"minecraft:birch_leaves":2,"minecraft:oak_log":6,"minecraft:coal_ore":174,"minecraft:cocoa":1,"minecraft:vine":1,"minecraft:sand":16,"minecraft:gravel":1,"minecraft:dirt":21,"minecraft:terracotta":2,"minecraft:bamboo":2,"minecraft:stone":231,"minecraft:oak_leaves":19,"minecraft:fern":6},"minecraft:dropped":{"minecraft:wheat_seeds":1,"minecraft:raw_copper":5,"minecraft:cooked_porkchop":1,"minecraft:diorite":1,"minecraft:melon_slice":25,"minecraft:oak_sapling":2,"minecraft:bone_meal":1,"minecraft:red_sand":1,"minecraft:terracotta":6},"minecraft:killed":{"minecraft:pig":6,"minecraft:zombie_villager":1,"minecraft:salmon":6,"minecraft:spider":1,"minecraft:cod":3,"minecraft:skeleton":2,"minecraft:zombie":3,"minecraft:chicken":3,"minecraft:cow":1},"minecraft:custom":{"minecraft:interact_with_furnace":48,"minecraft:mob_kills":30,"minecraft:interact_with_crafting_table":29,"minecraft:leave_game":1,"minecraft:time_since_death":5986,"minecraft:climb_one_cm":647,"minecraft:time_since_rest":6377,"minecraft:sprint_one_cm":295747,"minecraft:damage_taken":3481,"minecraft:walk_one_cm":466111,"minecraft:drop":10,"minecraft:damage_dealt":2815,"minecraft:talked_to_villager":4,"minecraft:swim_one_cm":99558,"minecraft:fly_one_cm":207519,"minecraft:open_chest":3,"minecraft:crouch_one_cm":20354,"minecraft:play_time":164341,"minecraft:deaths":5,"minecraft:sneak_time":7444,"minecraft:walk_under_water_one_cm":99502,"minecraft:boat_one_cm":271030,"minecraft:jump":2696,"minecraft:walk_on_water_one_cm":74519,"minecraft:total_world_time":164341,"minecraft:fall_one_cm":54628},"minecraft:crafted":{"minecraft:cobblestone_slab":6,"minecraft:cooked_porkchop":9,"minecraft:crafting_table":4,"minecraft:spruce_planks":260,"minecraft:cooked_chicken":2,"minecraft:dried_kelp":40,"minecraft:wooden_pickaxe":4,"minecraft:furnace":1,"minecraft:cooked_salmon":3,"minecraft:stone_axe":3,"minecraft:air":0,"minecraft:iron_boots":1,"minecraft:stick":52,"minecraft:iron_ingot":13,"minecraft:stone_pickaxe":8,"minecraft:wooden_axe":1,"minecraft:stone_sword":3,"minecraft:spruce_boat":2,"minecraft:torch":48,"minecraft:cooked_beef":1},"minecraft:used":{"minecraft:stone_sword":152,"minecraft:stone_pickaxe":450,"minecraft:dried_kelp":40,"minecraft:spruce_planks":5,"minecraft:wooden_pickaxe":117,"minecraft:cooked_chicken":5,"minecraft:cooked_salmon":3,"minecraft:rotten_flesh":2,"minecraft:torch":36,"minecraft:sand":1,"minecraft:dirt":18,"minecraft:mutton":2,"minecraft:crafting_table":11,"minecraft:cod":1,"minecraft:spruce_boat":2,"minecraft:wooden_axe":12,"minecraft:apple":1,"minecraft:melon_slice":11,"minecraft:bamboo":11,"minecraft:stone_axe":141,"minecraft:cobblestone":77,"minecraft:furnace":5,"minecraft:porkchop":2,"minecraft:cooked_porkchop":11,"minecraft:andesite":5,"minecraft:cooked_beef":1},"minecraft:picked_up":{"minecraft:birch_log":12,"minecraft:crafting_table":9,"minecraft:chicken":3,"minecraft:salmon":5,"minecraft:andesite":21,"minecraft:brown_mushroom":66,"minecraft:wooden_pickaxe":1,"minecraft:oak_log":7,"minecraft:gunpowder":2,"minecraft:lapis_lazuli":33,"minecraft:dirt":66,"minecraft:raw_copper":5,"minecraft:smooth_sandstone":10,"minecraft:bone":3,"minecraft:apple":1,"minecraft:kelp":166,"minecraft:wheat_seeds":2,"minecraft:red_sand":1,"minecraft:rabbit_hide":1,"minecraft:spruce_planks":5,"minecraft:beef":1,"minecraft:cooked_chicken":3,"minecraft:bamboo":22,"minecraft:melon_slice":85,"minecraft:furnace":7,"minecraft:stick":19,"minecraft:raw_iron":13,"minecraft:cooked_porkchop":3,"minecraft:torch":7,"minecraft:dandelion":1,"minecraft:gravel":1,"minecraft:porkchop":14,"minecraft:sand":58,"minecraft:spruce_sapling":2,"minecraft:diorite":1,"minecraft:spruce_log":114,"minecraft:spider_eye":1,"minecraft:arrow":2,"minecraft:rotten_flesh":7,"minecraft:stone_axe":1,"minecraft:granite":9,"minecraft:bone_meal":1,"minecraft:terracotta":6,"minecraft:oak_sapling":2,"minecraft:black_wool":1,"minecraft:mutton":2,"minecraft:cod":1,"minecraft:coal":269,"minecraft:cobblestone":265}},"DataVersion":3953}