{"stats":{"minecraft:mined":{"minecraft:podzol":2,"minecraft:spruce_planks":2,"minecraft:brown_mushroom":1,"minecraft:kelp_plant":35,"minecraft:dandelion":1,"minecraft:crafting_table":4,"minecraft:glow_lichen":1,"minecraft:granite":9,"minecraft:short_grass":16,"minecraft:grass_block":4,"minecraft:copper_ore":1,"minecraft:spruce_leaves":5,"minecraft:lapis_ore":5,"minecraft:kelp":7,"minecraft:seagrass":1,"minecraft:furnace":4,"minecraft:birch_log":12,"minecraft:iron_ore":10,"minecraft:spruce_log":29,"minecraft:andesite":21,"minecraft:birch_leaves":2,"minecraft:coal_ore":117,"minecraft:oak_log":6,"minecraft:gravel":1,"minecraft:dirt":21,"minecraft:stone":161,"minecraft:oak_leaves":12},"minecraft:custom":{"minecraft:interact_with_furnace":34,"minecraft:mob_kills":19,"minecraft:interact_with_crafting_table":16,"minecraft:time_since_death":33003,"minecraft:time_since_rest":33046,"minecraft:sprint_one_cm":120162,"minecraft:damage_taken":2013,"minecraft:walk_one_cm":240911,"minecraft:damage_dealt":1806,"minecraft:swim_one_cm":25648,"minecraft:fly_one_cm":59455,"minecraft:crouch_one_cm":912,"minecraft:play_time":68741,"minecraft:deaths":4,"minecraft:sneak_time":1199,"minecraft:walk_under_water_one_cm":54697,"minecraft:jump":1057,"minecraft:walk_on_water_one_cm":41279,"minecraft:total_world_time":68741,"minecraft:fall_one_cm":22783},"minecraft:killed_by":{"minecraft:player":1,"minecraft:skeleton":2},"minecraft:killed":{"minecraft:pig":6,"minecraft:salmon":6,"minecraft:spider":1,"minecraft:skeleton":1,"minecraft:zombie":1,"minecraft:chicken":1},"minecraft:used":{"minecraft:stone_sword":101,"minecraft:stone_pickaxe":256,"minecraft:dried_kelp":20,"minecraft:spruce_planks":5,"minecraft:wooden_pickaxe":104,"minecraft:cooked_salmon":3,"minecraft:torch":1,"minecraft:mutton":2,"minecraft:crafting_table":7,"minecraft:wooden_axe":12,"minecraft:apple":1,"minecraft:stone_axe":23,"minecraft:cobblestone":3,"minecraft:cooked_porkchop":5,"minecraft:furnace":3,"minecraft:porkchop":2},"minecraft:picked_up":{"minecraft:birch_log":12,"minecraft:crafting_table":6,"minecraft:chicken":1,"minecraft:andesite":21,"minecraft:salmon":5,"minecraft:brown_mushroom":2,"minecraft:wooden_pickaxe":1,"minecraft:oak_log":6,"minecraft:lapis_lazuli":33,"minecraft:dirt":50,"minecraft:raw_copper":5,"minecraft:bone":3,"minecraft:apple":1,"minecraft:kelp":156,"minecraft:wheat_seeds":1,"minecraft:spruce_planks":5,"minecraft:furnace":4,"minecraft:stick":3,"minecraft:raw_iron":10,"minecraft:cooked_porkchop":2,"minecraft:dandelion":1,"minecraft:gravel":1,"minecraft:porkchop":14,"minecraft:spruce_sapling":2,"minecraft:spruce_log":29,"minecraft:spider_eye":1,"minecraft:arrow":1,"minecraft:rotten_flesh":2,"minecraft:granite":9,"minecraft:black_wool":1,"minecraft:mutton":2,"minecraft:coal":136,"minecraft:cobblestone":178},"minecraft:broken":{"minecraft:stone_pickaxe":1},"minecraft:crafted":{"minecraft:cooked_porkchop":9,"minecraft:crafting_table":4,"minecraft:spruce_planks":84,"minecraft:dried_kelp":30,"minecraft:wooden_pickaxe":3,"minecraft:furnace":1,"minecraft:cooked_salmon":3,"minecraft:stone_axe":2,"minecraft:air":0,"minecraft:stick":28,"minecraft:iron_ingot":10,"minecraft:stone_pickaxe":5,"minecraft:wooden_axe":1,"minecraft:stone_sword":2,"minecraft:torch":16}},"DataVersion":3953}