{"stats":{"minecraft:broken":{"minecraft:stone_pickaxe":3,"minecraft:golden_pickaxe":1},"minecraft:killed_by":{"minecraft:player":1,"minecraft:skeleton":2},"minecraft:mined":{"minecraft:spruce_planks":2,"minecraft:white_bed":1,"minecraft:sculk_vein":3,"minecraft:glow_lichen":2,"minecraft:granite":18,"minecraft:red_sand":2,"minecraft:grass_block":21,"minecraft:spruce_leaves":16,"minecraft:kelp":8,"minecraft:large_fern":2,"minecraft:tall_seagrass":1,"minecraft:furnace":9,"minecraft:iron_ore":29,"minecraft:andesite":21,"minecraft:potatoes":9,"minecraft:vine":1,"minecraft:bamboo":2,"minecraft:stone":262,"minecraft:podzol":2,"minecraft:brown_mushroom":63,"minecraft:kelp_plant":41,"minecraft:dandelion":2,"minecraft:clay":1,"minecraft:crafting_table":9,"minecraft:smooth_sandstone":11,"minecraft:torch":4,"minecraft:short_grass":66,"minecraft:melon":19,"minecraft:dead_bush":3,"minecraft:copper_ore":1,"minecraft:tall_grass":1,"minecraft:cobblestone":29,"minecraft:lapis_ore":5,"minecraft:sculk":25,"minecraft:diorite":2,"minecraft:wall_torch":2,"minecraft:seagrass":3,"minecraft:birch_log":12,"minecraft:wheat":19,"minecraft:spruce_log":129,"minecraft:birch_leaves":2,"minecraft:coal_ore":200,"minecraft:oak_log":18,"minecraft:cocoa":1,"minecraft:gravel":1,"minecraft:sand":16,"minecraft:dirt":22,"minecraft:terracotta":2,"minecraft:oak_leaves":24,"minecraft:fern":8},"minecraft:dropped":{"minecraft:iron_ingot":2,"minecraft:wheat_seeds":1,"minecraft:baked_potato":6,"minecraft:cooked_porkchop":1,"minecraft:diorite":1,"minecraft:melon_slice":25,"minecraft:cooked_salmon":5,"minecraft:bone_meal":1,"minecraft:raw_copper":5,"minecraft:iron_boots":1,"minecraft:shield":1,"minecraft:oak_sapling":2,"minecraft:red_sand":1,"minecraft:terracotta":6},"minecraft:killed":{"minecraft:spider":1,"minecraft:cod":3,"minecraft:skeleton":2,"minecraft:chicken":9,"minecraft:pig":6,"minecraft:zombie_villager":1,"minecraft:salmon":9,"minecraft:creeper":1,"minecraft:sheep":14,"minecraft:zombie":3,"minecraft:cow":4},"minecraft:custom":{"minecraft:mob_kills":57,"minecraft:interact_with_crafting_table":48,"minecraft:leave_game":1,"minecraft:time_since_death":55532,"minecraft:climb_one_cm":5876,"minecraft:sprint_one_cm":507229,"minecraft:walk_one_cm":614702,"minecraft:drop":15,"minecraft:talked_to_villager":4,"minecraft:play_time":248341,"minecraft:deaths":6,"minecraft:sneak_time":12806,"minecraft:walk_under_water_one_cm":108303,"minecraft:boat_one_cm":912734,"minecraft:jump":4173,"minecraft:walk_on_water_one_cm":86587,"minecraft:total_world_time":248341,"minecraft:interact_with_furnace":92,"minecraft:sleep_in_bed":1,"minecraft:time_since_rest":55886,"minecraft:damage_taken":4845,"minecraft:damage_dealt":5168,"minecraft:swim_one_cm":170565,"minecraft:fly_one_cm":411029,"minecraft:open_chest":17,"minecraft:crouch_one_cm":37987,"minecraft:fall_one_cm":98054},"minecraft:crafted":{"minecraft:oak_planks":48,"minecraft:cobblestone_slab":6,"minecraft:golden_chestplate":1,"minecraft:cooked_chicken":8,"minecraft:furnace":1,"minecraft:cooked_mutton":11,"minecraft:iron_boots":3,"minecraft:stone_pickaxe":9,"minecraft:spruce_boat":3,"minecraft:cooked_beef":8,"minecraft:cooked_porkchop":9,"minecraft:crafting_table":6,"minecraft:spruce_planks":288,"minecraft:dried_kelp":45,"minecraft:wooden_pickaxe":4,"minecraft:baked_potato":6,"minecraft:golden_pickaxe":1,"minecraft:cooked_salmon":12,"minecraft:stone_axe":3,"minecraft:bread":6,"minecraft:air":0,"minecraft:shield":2,"minecraft:stick":72,"minecraft:iron_ingot":29,"minecraft:iron_pickaxe":1,"minecraft:wooden_axe":1,"minecraft:stone_sword":4,"minecraft:gold_ingot":12,"minecraft:white_bed":2,"minecraft:torch":100},"minecraft:used":{"minecraft:stone_sword":253,"minecraft:dried_kelp":45,"minecraft:spruce_planks":5,"minecraft:cooked_salmon":5,"minecraft:cooked_chicken":11,"minecraft:rotten_flesh":2,"minecraft:torch":90,"minecraft:dirt":18,"minecraft:mutton":2,"minecraft:granite":5,"minecraft:spruce_boat":3,"minecraft:wooden_axe":12,"minecraft:bamboo":11,"minecraft:furnace":7,"minecraft:potato":24,"minecraft:cooked_beef":4,"minecraft:wheat_seeds":24,"minecraft:cooked_mutton":5,"minecraft:stone_pickaxe":514,"minecraft:wooden_pickaxe":118,"minecraft:sand":1,"minecraft:crafting_table":14,"minecraft:white_bed":2,"minecraft:cod":3,"minecraft:apple":1,"minecraft:bread":4,"minecraft:melon_slice":11,"minecraft:iron_pickaxe":19,"minecraft:stone_axe":163,"minecraft:cobblestone":93,"minecraft:cooked_porkchop":11,"minecraft:porkchop":2,"minecraft:andesite":5,"minecraft:golden_pickaxe":32},"minecraft:picked_up":{"minecraft:fishing_rod":1,"minecraft:crafting_table":11,"minecraft:wheat":18,"minecraft:clay_ball":4,"minecraft:chicken":9,"minecraft:brown_mushroom":66,"minecraft:wooden_pickaxe":1,"minecraft:string":1,"minecraft:raw_copper":5,"minecraft:cooked_salmon":5,"minecraft:red_sand":1,"minecraft:spruce_planks":5,"minecraft:beef":8,"minecraft:melon_slice":98,"minecraft:egg":2,"minecraft:furnace":9,"minecraft:raw_iron":45,"minecraft:stick":53,"minecraft:torch":45,"minecraft:porkchop":14,"minecraft:diorite":3,"minecraft:golden_chestplate":1,"minecraft:stone_sword":1,"minecraft:arrow":2,"minecraft:rotten_flesh":10,"minecraft:glow_berries":1,"minecraft:mutton":23,"minecraft:cod":1,"minecraft:white_wool":11,"minecraft:cobblestone":307,"minecraft:birch_log":12,"minecraft:feather":10,"minecraft:andesite":21,"minecraft:salmon":7,"minecraft:leather":3,"minecraft:brown_wool":1,"minecraft:potato":36,"minecraft:oak_log":19,"minecraft:gunpowder":3,"minecraft:lapis_lazuli":33,"minecraft:dirt":68,"minecraft:smooth_sandstone":10,"minecraft:bone":3,"minecraft:apple":2,"minecraft:kelp":171,"minecraft:wheat_seeds":57,"minecraft:raw_gold":3,"minecraft:rabbit_hide":1,"minecraft:iron_ingot":1,"minecraft:cooked_chicken":3,"minecraft:bamboo":22,"minecraft:iron_sword":1,"minecraft:oak_planks":24,"minecraft:cooked_porkchop":3,"minecraft:dandelion":1,"minecraft:gravel":1,"minecraft:sand":58,"minecraft:spruce_sapling":3,"minecraft:white_bed":1,"minecraft:spruce_log":121,"minecraft:spider_eye":1,"minecraft:stone_axe":1,"minecraft:granite":25,"minecraft:bone_meal":1,"minecraft:terracotta":6,"minecraft:oak_sapling":2,"minecraft:black_wool":2,"minecraft:coal":336}},"DataVersion":3953}