{"stats":{"minecraft:broken":{"minecraft:stone_pickaxe":4,"minecraft:golden_pickaxe":1},"minecraft:killed_by":{"minecraft:player":1,"minecraft:skeleton":2},"minecraft:mined":{"minecraft:spruce_planks":2,"minecraft:white_bed":1,"minecraft:sculk_vein":3,"minecraft:cave_vines_plant":5,"minecraft:glow_lichen":2,"minecraft:granite":22,"minecraft:red_sand":2,"minecraft:grass_block":21,"minecraft:spruce_leaves":16,"minecraft:moss_block":3,"minecraft:kelp":8,"minecraft:spawner":1,"minecraft:large_fern":2,"minecraft:tall_seagrass":1,"minecraft:furnace":11,"minecraft:iron_ore":92,"minecraft:andesite":22,"minecraft:cave_vines":9,"minecraft:rail":1,"minecraft:potatoes":9,"minecraft:vine":2,"minecraft:bamboo":2,"minecraft:azalea":2,"minecraft:stone":322,"minecraft:podzol":2,"minecraft:flowering_azalea":2,"minecraft:brown_mushroom":63,"minecraft:kelp_plant":41,"minecraft:dandelion":2,"minecraft:clay":3,"minecraft:crafting_table":12,"minecraft:smooth_sandstone":11,"minecraft:torch":11,"minecraft:short_grass":70,"minecraft:melon":19,"minecraft:dead_bush":3,"minecraft:copper_ore":1,"minecraft:tall_grass":2,"minecraft:cobblestone":29,"minecraft:lapis_ore":11,"minecraft:oak_planks":4,"minecraft:sculk":25,"minecraft:diorite":4,"minecraft:wall_torch":7,"minecraft:seagrass":3,"minecraft:white_terracotta":2,"minecraft:red_terracotta":6,"minecraft:coarse_dirt":1,"minecraft:birch_log":12,"minecraft:wheat":19,"minecraft:spruce_log":129,"minecraft:birch_leaves":2,"minecraft:coal_ore":210,"minecraft:oak_log":18,"minecraft:cocoa":1,"minecraft:gravel":1,"minecraft:sand":16,"minecraft:dirt":22,"minecraft:cobweb":6,"minecraft:terracotta":16,"minecraft:gold_ore":4,"minecraft:oak_leaves":24,"minecraft:fern":8},"minecraft:dropped":{"minecraft:iron_ingot":8,"minecraft:iron_sword":1,"minecraft:moss_block":7,"minecraft:wheat_seeds":3,"minecraft:baked_potato":11,"minecraft:crafting_table":1,"minecraft:cooked_porkchop":1,"minecraft:copper_ingot":1,"minecraft:tropical_fish":4,"minecraft:rail":1,"minecraft:pufferfish":1,"minecraft:stick":19,"minecraft:diorite":3,"minecraft:melon_slice":25,"minecraft:cooked_salmon":11,"minecraft:iron_leggings":1,"minecraft:flowering_azalea":1,"minecraft:bone_meal":1,"minecraft:iron_pickaxe":1,"minecraft:fishing_rod":1,"minecraft:spruce_sapling":1,"minecraft:gold_ingot":1,"minecraft:coarse_dirt":1,"minecraft:golden_chestplate":1,"minecraft:stone_sword":1,"minecraft:raw_copper":5,"minecraft:rotten_flesh":7,"minecraft:clay_ball":8,"minecraft:iron_boots":2,"minecraft:white_terracotta":1,"minecraft:shield":3,"minecraft:oak_sapling":2,"minecraft:red_sand":1,"minecraft:raw_gold":5,"minecraft:terracotta":6},"minecraft:killed":{"minecraft:spider":2,"minecraft:cod":3,"minecraft:skeleton":8,"minecraft:chicken":9,"minecraft:drowned":1,"minecraft:tropical_fish":4,"minecraft:pig":6,"minecraft:zombie_villager":1,"minecraft:salmon":9,"minecraft:creeper":1,"minecraft:sheep":14,"minecraft:zombie":5,"minecraft:cow":4},"minecraft:custom":{"minecraft:mob_kills":71,"minecraft:interact_with_crafting_table":71,"minecraft:leave_game":1,"minecraft:time_since_death":127532,"minecraft:climb_one_cm":6084,"minecraft:sprint_one_cm":610385,"minecraft:walk_one_cm":815120,"minecraft:damage_blocked_by_shield":450,"minecraft:drop":46,"minecraft:talked_to_villager":4,"minecraft:play_time":320341,"minecraft:deaths":6,"minecraft:sneak_time":20522,"minecraft:walk_under_water_one_cm":128608,"minecraft:boat_one_cm":912734,"minecraft:jump":4871,"minecraft:walk_on_water_one_cm":96934,"minecraft:total_world_time":320341,"minecraft:interact_with_furnace":125,"minecraft:sleep_in_bed":1,"minecraft:time_since_rest":127886,"minecraft:damage_taken":5365,"minecraft:damage_dealt":6847,"minecraft:swim_one_cm":183446,"minecraft:fly_one_cm":469731,"minecraft:open_chest":21,"minecraft:crouch_one_cm":66065,"minecraft:fish_caught":17,"minecraft:fall_one_cm":111057},"minecraft:crafted":{"minecraft:oak_planks":52,"minecraft:cobblestone_slab":6,"minecraft:fishing_rod":1,"minecraft:golden_chestplate":1,"minecraft:cooked_chicken":8,"minecraft:furnace":2,"minecraft:cooked_mutton":11,"minecraft:iron_boots":3,"minecraft:iron_axe":1,"minecraft:stone_pickaxe":9,"minecraft:spruce_boat":3,"minecraft:cooked_beef":8,"minecraft:cooked_cod":9,"minecraft:cooked_porkchop":9,"minecraft:crafting_table":7,"minecraft:spruce_planks":288,"minecraft:iron_helmet":1,"minecraft:dried_kelp":45,"minecraft:wooden_pickaxe":4,"minecraft:baked_potato":6,"minecraft:iron_sword":1,"minecraft:golden_pickaxe":1,"minecraft:cooked_salmon":18,"minecraft:stone_axe":3,"minecraft:bread":6,"minecraft:air":0,"minecraft:shield":3,"minecraft:stick":72,"minecraft:iron_ingot":60,"minecraft:iron_pickaxe":1,"minecraft:wooden_axe":1,"minecraft:stone_sword":4,"minecraft:iron_leggings":2,"minecraft:gold_ingot":12,"minecraft:white_bed":2,"minecraft:torch":124},"minecraft:used":{"minecraft:stone_sword":321,"minecraft:dried_kelp":45,"minecraft:spruce_planks":5,"minecraft:shield":15,"minecraft:cooked_salmon":6,"minecraft:cooked_chicken":11,"minecraft:rotten_flesh":2,"minecraft:torch":174,"minecraft:dirt":18,"minecraft:mutton":2,"minecraft:granite":11,"minecraft:spruce_boat":3,"minecraft:wooden_axe":12,"minecraft:iron_axe":1,"minecraft:bamboo":11,"minecraft:furnace":9,"minecraft:cooked_cod":7,"minecraft:potato":24,"minecraft:cooked_beef":6,"minecraft:wheat_seeds":24,"minecraft:cooked_mutton":5,"minecraft:diorite":1,"minecraft:stone_pickaxe":581,"minecraft:oak_planks":38,"minecraft:wooden_pickaxe":118,"minecraft:glow_berries":1,"minecraft:sand":1,"minecraft:crafting_table":17,"minecraft:white_bed":2,"minecraft:cod":3,"minecraft:apple":1,"minecraft:bread":6,"minecraft:melon_slice":11,"minecraft:iron_pickaxe":148,"minecraft:stone_axe":169,"minecraft:fishing_rod":33,"minecraft:cobblestone":135,"minecraft:cooked_porkchop":11,"minecraft:porkchop":2,"minecraft:andesite":5,"minecraft:golden_pickaxe":32},"minecraft:picked_up":{"minecraft:fishing_rod":2,"minecraft:coarse_dirt":1,"minecraft:crafting_table":14,"minecraft:wheat":18,"minecraft:clay_ball":12,"minecraft:chicken":9,"minecraft:brown_mushroom":66,"minecraft:wooden_pickaxe":1,"minecraft:shield":1,"minecraft:moss_carpet":1,"minecraft:string":5,"minecraft:raw_copper":5,"minecraft:cooked_salmon":5,"minecraft:pufferfish":1,"minecraft:red_sand":1,"minecraft:spruce_planks":5,"minecraft:beef":8,"minecraft:azalea":2,"minecraft:iron_pickaxe":1,"minecraft:melon_slice":98,"minecraft:iron_boots":1,"minecraft:egg":2,"minecraft:furnace":10,"minecraft:raw_iron":107,"minecraft:stick":53,"minecraft:copper_ingot":1,"minecraft:torch":56,"minecraft:porkchop":14,"minecraft:diorite":4,"minecraft:golden_chestplate":1,"minecraft:stone_sword":1,"minecraft:arrow":4,"minecraft:rotten_flesh":21,"minecraft:tropical_fish":4,"minecraft:white_terracotta":1,"minecraft:glow_berries":3,"minecraft:mutton":23,"minecraft:rail":1,"minecraft:cod":9,"minecraft:nautilus_shell":1,"minecraft:white_wool":11,"minecraft:cobblestone":373,"minecraft:birch_log":12,"minecraft:feather":10,"minecraft:andesite":22,"minecraft:salmon":14,"minecraft:leather":3,"minecraft:brown_wool":1,"minecraft:potato":36,"minecraft:oak_log":20,"minecraft:gunpowder":3,"minecraft:lapis_lazuli":71,"minecraft:dirt":68,"minecraft:smooth_sandstone":10,"minecraft:bone":10,"minecraft:apple":2,"minecraft:kelp":171,"minecraft:wheat_seeds":59,"minecraft:raw_gold":12,"minecraft:rabbit_hide":1,"minecraft:iron_ingot":1,"minecraft:cooked_chicken":3,"minecraft:flowering_azalea":2,"minecraft:bamboo":22,"minecraft:moss_block":16,"minecraft:iron_sword":1,"minecraft:oak_planks":49,"minecraft:cooked_porkchop":3,"minecraft:dandelion":1,"minecraft:gravel":1,"minecraft:sand":58,"minecraft:spruce_sapling":3,"minecraft:white_bed":1,"minecraft:spruce_log":121,"minecraft:red_terracotta":2,"minecraft:spider_eye":1,"minecraft:stone_axe":2,"minecraft:granite":28,"minecraft:bone_meal":1,"minecraft:terracotta":10,"minecraft:baked_potato":5,"minecraft:oak_sapling":2,"minecraft:black_wool":2,"minecraft:coal":346}},"DataVersion":3953}