{"stats":{"minecraft:mined":{"minecraft:podzol":2,"minecraft:brown_mushroom":1,"minecraft:birch_log":12,"minecraft:kelp_plant":30,"minecraft:iron_ore":9,"minecraft:spruce_log":24,"minecraft:dandelion":1,"minecraft:crafting_table":2,"minecraft:short_grass":11,"minecraft:oak_log":6,"minecraft:grass_block":3,"minecraft:coal_ore":29,"minecraft:gravel":1,"minecraft:dirt":7,"minecraft:spruce_leaves":2,"minecraft:stone":62,"minecraft:kelp":2},"minecraft:custom":{"minecraft:time_since_rest":19082,"minecraft:sprint_one_cm":44878,"minecraft:interact_with_furnace":19,"minecraft:damage_taken":1180,"minecraft:walk_one_cm":89912,"minecraft:mob_kills":4,"minecraft:damage_dealt":343,"minecraft:swim_one_cm":5404,"minecraft:interact_with_crafting_table":7,"minecraft:fly_one_cm":34023,"minecraft:crouch_one_cm":428,"minecraft:play_time":32741,"minecraft:deaths":3,"minecraft:sneak_time":861,"minecraft:walk_under_water_one_cm":36885,"minecraft:jump":489,"minecraft:walk_on_water_one_cm":27355,"minecraft:time_since_death":19057,"minecraft:total_world_time":32741,"minecraft:fall_one_cm":16090},"minecraft:killed_by":{"minecraft:player":1,"minecraft:skeleton":1},"minecraft:killed":{"minecraft:pig":2,"minecraft:salmon":2},"minecraft:used":{"minecraft:wooden_axe":12,"minecraft:stone_sword":5,"minecraft:stone_pickaxe":40,"minecraft:dried_kelp":10,"minecraft:wooden_pickaxe":63,"minecraft:stone_axe":19,"minecraft:cobblestone":3,"minecraft:crafting_table":4,"minecraft:porkchop":2,"minecraft:furnace":1,"minecraft:cooked_porkchop":3},"minecraft:picked_up":{"minecraft:birch_log":12,"minecraft:raw_iron":9,"minecraft:crafting_table":4,"minecraft:cooked_porkchop":2,"minecraft:salmon":2,"minecraft:brown_mushroom":2,"minecraft:wooden_pickaxe":1,"minecraft:dandelion":1,"minecraft:gravel":1,"minecraft:porkchop":6,"minecraft:oak_log":6,"minecraft:spruce_sapling":2,"minecraft:spruce_log":24,"minecraft:dirt":12,"minecraft:kelp":136,"minecraft:wheat_seeds":1,"minecraft:spruce_planks":3,"minecraft:coal":32,"minecraft:cobblestone":80},"minecraft:crafted":{"minecraft:cooked_porkchop":2,"minecraft:crafting_table":2,"minecraft:spruce_planks":64,"minecraft:stick":16,"minecraft:iron_ingot":9,"minecraft:stone_pickaxe":2,"minecraft:dried_kelp":10,"minecraft:wooden_pickaxe":2,"minecraft:wooden_axe":1,"minecraft:stone_sword":1,"minecraft:furnace":1,"minecraft:stone_axe":1,"minecraft:air":0}},"DataVersion":3953}