{"stats":{"minecraft:broken":{"minecraft:stone_pickaxe":2},"minecraft:killed_by":{"minecraft:player":1,"minecraft:skeleton":2},"minecraft:mined":{"minecraft:podzol":2,"minecraft:spruce_planks":2,"minecraft:brown_mushroom":63,"minecraft:kelp_plant":41,"minecraft:dandelion":2,"minecraft:torch":4,"minecraft:crafting_table":5,"minecraft:glow_lichen":2,"minecraft:granite":9,"minecraft:short_grass":19,"minecraft:grass_block":14,"minecraft:tall_grass":1,"minecraft:copper_ore":1,"minecraft:spruce_leaves":14,"minecraft:lapis_ore":5,"minecraft:kelp":8,"minecraft:diorite":1,"minecraft:wall_torch":2,"minecraft:large_fern":2,"minecraft:seagrass":1,"minecraft:furnace":5,"minecraft:birch_log":12,"minecraft:iron_ore":13,"minecraft:spruce_log":116,"minecraft:andesite":21,"minecraft:birch_leaves":2,"minecraft:oak_log":6,"minecraft:coal_ore":172,"minecraft:gravel":1,"minecraft:dirt":21,"minecraft:stone":194,"minecraft:oak_leaves":13,"minecraft:fern":3},"minecraft:killed":{"minecraft:pig":6,"minecraft:zombie_villager":1,"minecraft:salmon":6,"minecraft:spider":1,"minecraft:cod":3,"minecraft:skeleton":2,"minecraft:zombie":2,"minecraft:chicken":3},"minecraft:custom":{"minecraft:interact_with_furnace":41,"minecraft:mob_kills":28,"minecraft:interact_with_crafting_table":20,"minecraft:leave_game":1,"minecraft:time_since_death":74603,"minecraft:time_since_rest":74646,"minecraft:sprint_one_cm":175705,"minecraft:damage_taken":2292,"minecraft:walk_one_cm":364025,"minecraft:damage_dealt":2520,"minecraft:swim_one_cm":26679,"minecraft:fly_one_cm":89816,"minecraft:crouch_one_cm":3027,"minecraft:play_time":110341,"minecraft:deaths":4,"minecraft:sneak_time":1739,"minecraft:walk_under_water_one_cm":62230,"minecraft:boat_one_cm":15726,"minecraft:jump":1661,"minecraft:walk_on_water_one_cm":53220,"minecraft:total_world_time":110341,"minecraft:fall_one_cm":32910},"minecraft:crafted":{"minecraft:cooked_porkchop":9,"minecraft:crafting_table":4,"minecraft:spruce_planks":236,"minecraft:cooked_chicken":2,"minecraft:dried_kelp":40,"minecraft:wooden_pickaxe":3,"minecraft:furnace":1,"minecraft:cooked_salmon":3,"minecraft:stone_axe":2,"minecraft:air":0,"minecraft:iron_boots":1,"minecraft:stick":36,"minecraft:iron_ingot":13,"minecraft:stone_pickaxe":5,"minecraft:wooden_axe":1,"minecraft:stone_sword":2,"minecraft:spruce_boat":1,"minecraft:torch":48},"minecraft:used":{"minecraft:stone_sword":138,"minecraft:stone_pickaxe":358,"minecraft:dried_kelp":30,"minecraft:spruce_planks":5,"minecraft:wooden_pickaxe":104,"minecraft:cooked_salmon":3,"minecraft:torch":29,"minecraft:mutton":2,"minecraft:crafting_table":8,"minecraft:spruce_boat":1,"minecraft:wooden_axe":12,"minecraft:apple":1,"minecraft:stone_axe":114,"minecraft:cobblestone":3,"minecraft:furnace":4,"minecraft:porkchop":2,"minecraft:cooked_porkchop":8,"minecraft:andesite":5},"minecraft:picked_up":{"minecraft:birch_log":12,"minecraft:crafting_table":7,"minecraft:chicken":3,"minecraft:salmon":5,"minecraft:andesite":21,"minecraft:brown_mushroom":66,"minecraft:wooden_pickaxe":1,"minecraft:oak_log":6,"minecraft:lapis_lazuli":33,"minecraft:dirt":60,"minecraft:raw_copper":5,"minecraft:bone":3,"minecraft:apple":1,"minecraft:kelp":166,"minecraft:wheat_seeds":2,"minecraft:spruce_planks":5,"minecraft:furnace":5,"minecraft:stick":3,"minecraft:raw_iron":13,"minecraft:cooked_porkchop":2,"minecraft:torch":7,"minecraft:dandelion":1,"minecraft:gravel":1,"minecraft:porkchop":14,"minecraft:spruce_sapling":2,"minecraft:diorite":1,"minecraft:spruce_log":108,"minecraft:spider_eye":1,"minecraft:arrow":2,"minecraft:rotten_flesh":6,"minecraft:granite":9,"minecraft:bone_meal":1,"minecraft:black_wool":1,"minecraft:mutton":2,"minecraft:cod":1,"minecraft:coal":252,"minecraft:cobblestone":211}},"DataVersion":3953}