{"stats":{"minecraft:broken":{"minecraft:stone_pickaxe":4,"minecraft:iron_pickaxe":2,"minecraft:golden_pickaxe":1},"minecraft:killed_by":{"minecraft:player":1,"minecraft:skeleton":2},"minecraft:mined":{"minecraft:spruce_planks":2,"minecraft:white_bed":1,"minecraft:sculk_vein":5,"minecraft:cave_vines_plant":5,"minecraft:glow_lichen":2,"minecraft:granite":22,"minecraft:red_sand":2,"minecraft:grass_block":21,"minecraft:spruce_leaves":16,"minecraft:moss_block":3,"minecraft:kelp":8,"minecraft:spawner":1,"minecraft:large_fern":2,"minecraft:tall_seagrass":1,"minecraft:redstone_ore":2,"minecraft:furnace":11,"minecraft:iron_ore":163,"minecraft:andesite":23,"minecraft:potatoes":9,"minecraft:vine":2,"minecraft:rail":1,"minecraft:cave_vines":31,"minecraft:deepslate_iron_ore":1,"minecraft:bamboo":2,"minecraft:azalea":2,"minecraft:stone":487,"minecraft:podzol":2,"minecraft:flowering_azalea":2,"minecraft:brown_mushroom":63,"minecraft:kelp_plant":41,"minecraft:dandelion":2,"minecraft:clay":4,"minecraft:smooth_sandstone":11,"minecraft:crafting_table":12,"minecraft:torch":17,"minecraft:short_grass":71,"minecraft:melon":19,"minecraft:dead_bush":3,"minecraft:copper_ore":1,"minecraft:tall_grass":3,"minecraft:cobblestone":41,"minecraft:lapis_ore":15,"minecraft:oak_planks":43,"minecraft:wall_torch":10,"minecraft:sculk":110,"minecraft:diorite":15,"minecraft:seagrass":3,"minecraft:white_terracotta":2,"minecraft:red_terracotta":6,"minecraft:coarse_dirt":1,"minecraft:birch_log":12,"minecraft:wheat":19,"minecraft:spruce_log":129,"minecraft:birch_leaves":2,"minecraft:oak_log":18,"minecraft:coal_ore":210,"minecraft:cocoa":1,"minecraft:gravel":2,"minecraft:sand":16,"minecraft:dirt":22,"minecraft:cobweb":6,"minecraft:terracotta":16,"minecraft:gold_ore":10,"minecraft:oak_leaves":24,"minecraft:deepslate":4,"minecraft:fern":8},"minecraft:dropped":{"minecraft:iron_ingot":8,"minecraft:iron_sword":1,"minecraft:moss_block":7,"minecraft:wheat_seeds":3,"minecraft:baked_potato":11,"minecraft:crafting_table":1,"minecraft:cooked_porkchop":1,"minecraft:copper_ingot":1,"minecraft:tropical_fish":4,"minecraft:rail":1,"minecraft:golden_apple":1,"minecraft:pufferfish":1,"minecraft:stick":19,"minecraft:diorite":3,"minecraft:melon_slice":25,"minecraft:cooked_salmon":11,"minecraft:iron_leggings":1,"minecraft:bone_meal":1,"minecraft:flowering_azalea":1,"minecraft:iron_pickaxe":1,"minecraft:fishing_rod":1,"minecraft:spruce_sapling":1,"minecraft:gold_ingot":1,"minecraft:stone_axe":1,"minecraft:golden_chestplate":1,"minecraft:coarse_dirt":1,"minecraft:stone_sword":1,"minecraft:raw_copper":5,"minecraft:rotten_flesh":7,"minecraft:clay_ball":8,"minecraft:iron_boots":2,"minecraft:white_terracotta":1,"minecraft:shield":3,"minecraft:oak_sapling":2,"minecraft:red_sand":1,"minecraft:raw_gold":5,"minecraft:terracotta":6},"minecraft:killed":{"minecraft:spider":3,"minecraft:cod":3,"minecraft:skeleton":11,"minecraft:chicken":9,"minecraft:drowned":1,"minecraft:tropical_fish":4,"minecraft:pig":6,"minecraft:zombie_villager":1,"minecraft:salmon":9,"minecraft:creeper":1,"minecraft:sheep":14,"minecraft:zombie":9,"minecraft:cow":4},"minecraft:custom":{"minecraft:mob_kills":80,"minecraft:interact_with_crafting_table":79,"minecraft:leave_game":2,"minecraft:time_since_death":177182,"minecraft:climb_one_cm":6152,"minecraft:sprint_one_cm":697769,"minecraft:walk_one_cm":962395,"minecraft:damage_blocked_by_shield":615,"minecraft:drop":48,"minecraft:talked_to_villager":4,"minecraft:play_time":369991,"minecraft:sneak_time":32305,"minecraft:deaths":6,"minecraft:walk_under_water_one_cm":135877,"minecraft:boat_one_cm":912734,"minecraft:jump":5537,"minecraft:walk_on_water_one_cm":105755,"minecraft:total_world_time":369991,"minecraft:interact_with_furnace":147,"minecraft:sleep_in_bed":1,"minecraft:time_since_rest":177536,"minecraft:damage_taken":5707,"minecraft:damage_dealt":8539,"minecraft:swim_one_cm":183796,"minecraft:fly_one_cm":521965,"minecraft:open_chest":41,"minecraft:crouch_one_cm":110106,"minecraft:fish_caught":17,"minecraft:fall_one_cm":119032},"minecraft:crafted":{"minecraft:oak_planks":52,"minecraft:cobblestone_slab":6,"minecraft:fishing_rod":1,"minecraft:golden_chestplate":1,"minecraft:cooked_chicken":8,"minecraft:furnace":2,"minecraft:cooked_mutton":11,"minecraft:iron_boots":3,"minecraft:iron_axe":1,"minecraft:stone_pickaxe":9,"minecraft:spruce_boat":3,"minecraft:cooked_beef":8,"minecraft:cooked_cod":9,"minecraft:cooked_porkchop":9,"minecraft:crafting_table":7,"minecraft:spruce_planks":288,"minecraft:iron_helmet":1,"minecraft:dried_kelp":45,"minecraft:wooden_pickaxe":4,"minecraft:baked_potato":6,"minecraft:iron_sword":1,"minecraft:golden_pickaxe":1,"minecraft:cooked_salmon":19,"minecraft:stone_axe":3,"minecraft:bread":6,"minecraft:air":0,"minecraft:shield":3,"minecraft:stick":104,"minecraft:iron_ingot":96,"minecraft:iron_pickaxe":2,"minecraft:wooden_axe":1,"minecraft:stone_sword":4,"minecraft:iron_leggings":2,"minecraft:gold_ingot":63,"minecraft:white_bed":2,"minecraft:torch":248},"minecraft:used":{"minecraft:stone_sword":321,"minecraft:dried_kelp":45,"minecraft:spruce_planks":5,"minecraft:shield":21,"minecraft:iron_sword":50,"minecraft:cooked_salmon":10,"minecraft:cooked_chicken":11,"minecraft:rotten_flesh":2,"minecraft:torch":247,"minecraft:dirt":18,"minecraft:mutton":2,"minecraft:granite":11,"minecraft:spruce_boat":3,"minecraft:wooden_axe":12,"minecraft:iron_axe":42,"minecraft:bamboo":11,"minecraft:furnace":9,"minecraft:cooked_cod":7,"minecraft:cooked_beef":8,"minecraft:potato":24,"minecraft:wheat_seeds":24,"minecraft:cooked_mutton":5,"minecraft:diorite":1,"minecraft:stone_pickaxe":581,"minecraft:oak_planks":38,"minecraft:wooden_pickaxe":118,"minecraft:glow_berries":4,"minecraft:sand":1,"minecraft:crafting_table":17,"minecraft:white_bed":2,"minecraft:cod":3,"minecraft:apple":1,"minecraft:bread":6,"minecraft:melon_slice":11,"minecraft:iron_pickaxe":517,"minecraft:stone_axe":169,"minecraft:fishing_rod":33,"minecraft:cobblestone":283,"minecraft:porkchop":2,"minecraft:cooked_porkchop":11,"minecraft:andesite":5,"minecraft:golden_pickaxe":32},"minecraft:picked_up":{"minecraft:fishing_rod":2,"minecraft:crafting_table":14,"minecraft:coarse_dirt":1,"minecraft:wheat":18,"minecraft:chicken":9,"minecraft:clay_ball":12,"minecraft:brown_mushroom":66,"minecraft:wooden_pickaxe":1,"minecraft:shield":1,"minecraft:string":7,"minecraft:moss_carpet":1,"minecraft:raw_copper":5,"minecraft:cooked_salmon":5,"minecraft:pufferfish":1,"minecraft:red_sand":1,"minecraft:cobbled_deepslate":4,"minecraft:spruce_planks":5,"minecraft:beef":8,"minecraft:azalea":2,"minecraft:iron_pickaxe":1,"minecraft:melon_slice":98,"minecraft:furnace":10,"minecraft:iron_boots":1,"minecraft:egg":2,"minecraft:stick":53,"minecraft:raw_iron":180,"minecraft:copper_ingot":1,"minecraft:torch":70,"minecraft:porkchop":14,"minecraft:diorite":12,"minecraft:redstone":9,"minecraft:golden_chestplate":1,"minecraft:stone_sword":1,"minecraft:arrow":5,"minecraft:rotten_flesh":28,"minecraft:tropical_fish":4,"minecraft:white_terracotta":1,"minecraft:glow_berries":10,"minecraft:mutton":23,"minecraft:cobblestone":540,"minecraft:cod":9,"minecraft:rail":1,"minecraft:white_wool":11,"minecraft:nautilus_shell":1,"minecraft:birch_log":12,"minecraft:feather":10,"minecraft:andesite":23,"minecraft:salmon":14,"minecraft:brown_wool":1,"minecraft:leather":3,"minecraft:potato":36,"minecraft:flint":1,"minecraft:oak_log":20,"minecraft:gunpowder":3,"minecraft:lapis_lazuli":97,"minecraft:dirt":68,"minecraft:smooth_sandstone":10,"minecraft:bone":14,"minecraft:apple":2,"minecraft:kelp":171,"minecraft:bow":2,"minecraft:wheat_seeds":60,"minecraft:raw_gold":17,"minecraft:rabbit_hide":1,"minecraft:iron_ingot":1,"minecraft:cooked_chicken":3,"minecraft:bamboo":22,"minecraft:moss_block":16,"minecraft:iron_sword":1,"minecraft:oak_planks":85,"minecraft:flowering_azalea":2,"minecraft:cooked_porkchop":3,"minecraft:dandelion":1,"minecraft:gravel":1,"minecraft:sand":58,"minecraft:spruce_sapling":3,"minecraft:white_bed":1,"minecraft:spruce_log":121,"minecraft:red_terracotta":2,"minecraft:spider_eye":2,"minecraft:stone_axe":2,"minecraft:granite":28,"minecraft:bone_meal":1,"minecraft:golden_apple":1,"minecraft:terracotta":10,"minecraft:baked_potato":5,"minecraft:oak_sapling":2,"minecraft:black_wool":2,"minecraft:coal":346}},"DataVersion":3953}