{"stats":{"minecraft:mined":{"minecraft:podzol":2,"minecraft:brown_mushroom":1,"minecraft:kelp_plant":35,"minecraft:dandelion":1,"minecraft:crafting_table":3,"minecraft:short_grass":16,"minecraft:grass_block":4,"minecraft:spruce_leaves":5,"minecraft:kelp":7,"minecraft:seagrass":1,"minecraft:furnace":3,"minecraft:birch_log":12,"minecraft:iron_ore":10,"minecraft:spruce_log":29,"minecraft:birch_leaves":2,"minecraft:coal_ore":89,"minecraft:oak_log":6,"minecraft:gravel":1,"minecraft:dirt":9,"minecraft:stone":84,"minecraft:oak_leaves":11},"minecraft:custom":{"minecraft:interact_with_furnace":26,"minecraft:mob_kills":17,"minecraft:interact_with_crafting_table":11,"minecraft:time_since_death":21003,"minecraft:time_since_rest":21046,"minecraft:sprint_one_cm":112512,"minecraft:damage_taken":1788,"minecraft:walk_one_cm":202584,"minecraft:damage_dealt":1406,"minecraft:swim_one_cm":7963,"minecraft:fly_one_cm":57179,"minecraft:crouch_one_cm":538,"minecraft:play_time":56741,"minecraft:deaths":4,"minecraft:sneak_time":1028,"minecraft:walk_under_water_one_cm":51906,"minecraft:jump":909,"minecraft:walk_on_water_one_cm":38931,"minecraft:total_world_time":56741,"minecraft:fall_one_cm":22365},"minecraft:killed_by":{"minecraft:player":1,"minecraft:skeleton":2},"minecraft:killed":{"minecraft:pig":6,"minecraft:salmon":6,"minecraft:spider":1,"minecraft:chicken":1},"minecraft:used":{"minecraft:stone_sword":86,"minecraft:stone_pickaxe":119,"minecraft:dried_kelp":10,"minecraft:wooden_pickaxe":85,"minecraft:cooked_salmon":3,"minecraft:mutton":2,"minecraft:crafting_table":6,"minecraft:wooden_axe":12,"minecraft:stone_axe":21,"minecraft:cobblestone":3,"minecraft:cooked_porkchop":4,"minecraft:furnace":2,"minecraft:porkchop":2},"minecraft:picked_up":{"minecraft:birch_log":12,"minecraft:crafting_table":5,"minecraft:chicken":1,"minecraft:salmon":5,"minecraft:brown_mushroom":2,"minecraft:wooden_pickaxe":1,"minecraft:oak_log":6,"minecraft:dirt":38,"minecraft:bone":2,"minecraft:apple":1,"minecraft:kelp":156,"minecraft:wheat_seeds":1,"minecraft:spruce_planks":3,"minecraft:furnace":3,"minecraft:stick":3,"minecraft:raw_iron":10,"minecraft:cooked_porkchop":2,"minecraft:dandelion":1,"minecraft:gravel":1,"minecraft:porkchop":14,"minecraft:spruce_sapling":2,"minecraft:spruce_log":29,"minecraft:spider_eye":1,"minecraft:rotten_flesh":1,"minecraft:black_wool":1,"minecraft:mutton":2,"minecraft:coal":107,"minecraft:cobblestone":101},"minecraft:crafted":{"minecraft:cooked_porkchop":2,"minecraft:crafting_table":4,"minecraft:spruce_planks":84,"minecraft:dried_kelp":10,"minecraft:wooden_pickaxe":3,"minecraft:furnace":1,"minecraft:cooked_salmon":3,"minecraft:stone_axe":2,"minecraft:air":0,"minecraft:stick":24,"minecraft:iron_ingot":9,"minecraft:stone_pickaxe":3,"minecraft:wooden_axe":1,"minecraft:stone_sword":2}},"DataVersion":3953}