{"stats":{"minecraft:mined":{"minecraft:short_grass":7},"minecraft:custom":{"minecraft:jump":61,"minecraft:time_since_rest":2741,"minecraft:damage_dealt":173,"minecraft:sprint_one_cm":3682,"minecraft:play_time":2741,"minecraft:damage_taken":75,"minecraft:time_since_death":2741,"minecraft:walk_one_cm":7281,"minecraft:total_world_time":2741,"minecraft:mob_kills":1,"minecraft:fly_one_cm":4178},"minecraft:killed":{"minecraft:pig":1},"minecraft:picked_up":{"minecraft:porkchop":3}},"DataVersion":3953}