{"stats":{"minecraft:broken":{"minecraft:stone_pickaxe":1},"minecraft:killed_by":{"minecraft:player":1,"minecraft:skeleton":2},"minecraft:mined":{"minecraft:podzol":2,"minecraft:spruce_planks":2,"minecraft:brown_mushroom":1,"minecraft:kelp_plant":41,"minecraft:dandelion":2,"minecraft:crafting_table":4,"minecraft:glow_lichen":1,"minecraft:granite":9,"minecraft:short_grass":19,"minecraft:grass_block":9,"minecraft:copper_ore":1,"minecraft:spruce_leaves":5,"minecraft:lapis_ore":5,"minecraft:kelp":8,"minecraft:diorite":1,"minecraft:seagrass":1,"minecraft:furnace":4,"minecraft:birch_log":12,"minecraft:iron_ore":12,"minecraft:spruce_log":29,"minecraft:andesite":21,"minecraft:birch_leaves":2,"minecraft:oak_log":6,"minecraft:coal_ore":138,"minecraft:gravel":1,"minecraft:dirt":21,"minecraft:stone":179,"minecraft:oak_leaves":13},"minecraft:killed":{"minecraft:pig":6,"minecraft:salmon":6,"minecraft:spider":1,"minecraft:cod":3,"minecraft:skeleton":2,"minecraft:zombie":2,"minecraft:chicken":3},"minecraft:custom":{"minecraft:interact_with_furnace":34,"minecraft:mob_kills":26,"minecraft:interact_with_crafting_table":16,"minecraft:leave_game":1,"minecraft:time_since_death":50603,"minecraft:time_since_rest":50646,"minecraft:sprint_one_cm":138949,"minecraft:damage_taken":2207,"minecraft:walk_one_cm":305579,"minecraft:damage_dealt":2296,"minecraft:swim_one_cm":26679,"minecraft:fly_one_cm":66618,"minecraft:crouch_one_cm":1680,"minecraft:play_time":86341,"minecraft:deaths":4,"minecraft:sneak_time":1385,"minecraft:walk_under_water_one_cm":62230,"minecraft:jump":1383,"minecraft:walk_on_water_one_cm":53220,"minecraft:total_world_time":86341,"minecraft:fall_one_cm":26710},"minecraft:crafted":{"minecraft:cooked_porkchop":9,"minecraft:crafting_table":4,"minecraft:spruce_planks":84,"minecraft:dried_kelp":30,"minecraft:wooden_pickaxe":3,"minecraft:furnace":1,"minecraft:cooked_salmon":3,"minecraft:stone_axe":2,"minecraft:air":0,"minecraft:stick":28,"minecraft:iron_ingot":10,"minecraft:stone_pickaxe":5,"minecraft:wooden_axe":1,"minecraft:stone_sword":2,"minecraft:torch":16},"minecraft:used":{"minecraft:stone_sword":131,"minecraft:stone_pickaxe":298,"minecraft:dried_kelp":29,"minecraft:spruce_planks":5,"minecraft:wooden_pickaxe":104,"minecraft:cooked_salmon":3,"minecraft:torch":17,"minecraft:mutton":2,"minecraft:crafting_table":7,"minecraft:wooden_axe":12,"minecraft:apple":1,"minecraft:stone_axe":23,"minecraft:cobblestone":3,"minecraft:furnace":3,"minecraft:porkchop":2,"minecraft:cooked_porkchop":6,"minecraft:andesite":5},"minecraft:picked_up":{"minecraft:birch_log":12,"minecraft:crafting_table":6,"minecraft:chicken":3,"minecraft:salmon":5,"minecraft:andesite":21,"minecraft:brown_mushroom":2,"minecraft:wooden_pickaxe":1,"minecraft:oak_log":6,"minecraft:lapis_lazuli":33,"minecraft:dirt":55,"minecraft:raw_copper":5,"minecraft:bone":3,"minecraft:apple":1,"minecraft:kelp":166,"minecraft:wheat_seeds":1,"minecraft:spruce_planks":5,"minecraft:furnace":4,"minecraft:stick":3,"minecraft:raw_iron":12,"minecraft:cooked_porkchop":2,"minecraft:torch":1,"minecraft:dandelion":1,"minecraft:gravel":1,"minecraft:porkchop":14,"minecraft:spruce_sapling":2,"minecraft:diorite":1,"minecraft:spruce_log":29,"minecraft:spider_eye":1,"minecraft:arrow":2,"minecraft:rotten_flesh":4,"minecraft:granite":9,"minecraft:bone_meal":1,"minecraft:black_wool":1,"minecraft:mutton":2,"minecraft:cod":1,"minecraft:coal":156,"minecraft:cobblestone":196}},"DataVersion":3953}