{"stats":{"minecraft:broken":{"minecraft:stone_pickaxe":3,"minecraft:golden_pickaxe":1},"minecraft:killed_by":{"minecraft:player":1,"minecraft:skeleton":2},"minecraft:mined":{"minecraft:spruce_planks":2,"minecraft:white_bed":1,"minecraft:sculk_vein":3,"minecraft:glow_lichen":2,"minecraft:granite":18,"minecraft:red_sand":2,"minecraft:grass_block":21,"minecraft:spruce_leaves":16,"minecraft:moss_block":2,"minecraft:kelp":8,"minecraft:spawner":1,"minecraft:large_fern":2,"minecraft:tall_seagrass":1,"minecraft:furnace":11,"minecraft:iron_ore":52,"minecraft:andesite":21,"minecraft:rail":1,"minecraft:potatoes":9,"minecraft:vine":1,"minecraft:bamboo":2,"minecraft:azalea":2,"minecraft:stone":279,"minecraft:podzol":2,"minecraft:flowering_azalea":2,"minecraft:brown_mushroom":63,"minecraft:kelp_plant":41,"minecraft:dandelion":2,"minecraft:clay":2,"minecraft:crafting_table":11,"minecraft:smooth_sandstone":11,"minecraft:torch":10,"minecraft:short_grass":70,"minecraft:melon":19,"minecraft:dead_bush":3,"minecraft:copper_ore":1,"minecraft:tall_grass":2,"minecraft:cobblestone":29,"minecraft:lapis_ore":5,"minecraft:oak_planks":4,"minecraft:sculk":25,"minecraft:diorite":2,"minecraft:wall_torch":5,"minecraft:seagrass":3,"minecraft:white_terracotta":2,"minecraft:red_terracotta":6,"minecraft:coarse_dirt":1,"minecraft:birch_log":12,"minecraft:wheat":19,"minecraft:spruce_log":129,"minecraft:birch_leaves":2,"minecraft:coal_ore":200,"minecraft:oak_log":18,"minecraft:cocoa":1,"minecraft:gravel":1,"minecraft:sand":16,"minecraft:dirt":22,"minecraft:terracotta":16,"minecraft:oak_leaves":24,"minecraft:fern":8},"minecraft:dropped":{"minecraft:iron_ingot":2,"minecraft:iron_sword":1,"minecraft:moss_block":7,"minecraft:wheat_seeds":3,"minecraft:baked_potato":11,"minecraft:crafting_table":1,"minecraft:cooked_porkchop":1,"minecraft:copper_ingot":1,"minecraft:tropical_fish":4,"minecraft:pufferfish":1,"minecraft:stick":17,"minecraft:diorite":3,"minecraft:melon_slice":25,"minecraft:cooked_salmon":11,"minecraft:iron_leggings":1,"minecraft:flowering_azalea":1,"minecraft:bone_meal":1,"minecraft:iron_pickaxe":1,"minecraft:fishing_rod":1,"minecraft:spruce_sapling":1,"minecraft:gold_ingot":1,"minecraft:coarse_dirt":1,"minecraft:golden_chestplate":1,"minecraft:stone_sword":1,"minecraft:raw_copper":5,"minecraft:clay_ball":8,"minecraft:iron_boots":2,"minecraft:white_terracotta":1,"minecraft:shield":1,"minecraft:oak_sapling":2,"minecraft:red_sand":1,"minecraft:raw_gold":5,"minecraft:terracotta":6},"minecraft:killed":{"minecraft:spider":2,"minecraft:cod":3,"minecraft:skeleton":8,"minecraft:chicken":9,"minecraft:drowned":1,"minecraft:tropical_fish":4,"minecraft:pig":6,"minecraft:zombie_villager":1,"minecraft:salmon":9,"minecraft:creeper":1,"minecraft:sheep":14,"minecraft:zombie":4,"minecraft:cow":4},"minecraft:custom":{"minecraft:mob_kills":70,"minecraft:interact_with_crafting_table":56,"minecraft:leave_game":1,"minecraft:time_since_death":103532,"minecraft:climb_one_cm":5974,"minecraft:sprint_one_cm":563259,"minecraft:walk_one_cm":733052,"minecraft:damage_blocked_by_shield":360,"minecraft:drop":39,"minecraft:talked_to_villager":4,"minecraft:play_time":296341,"minecraft:deaths":6,"minecraft:sneak_time":16269,"minecraft:walk_under_water_one_cm":125635,"minecraft:boat_one_cm":912734,"minecraft:jump":4660,"minecraft:walk_on_water_one_cm":94229,"minecraft:total_world_time":296341,"minecraft:interact_with_furnace":117,"minecraft:sleep_in_bed":1,"minecraft:time_since_rest":103886,"minecraft:damage_taken":5263,"minecraft:damage_dealt":6674,"minecraft:swim_one_cm":175317,"minecraft:fly_one_cm":459418,"minecraft:open_chest":20,"minecraft:crouch_one_cm":49216,"minecraft:fish_caught":17,"minecraft:fall_one_cm":108213},"minecraft:crafted":{"minecraft:oak_planks":48,"minecraft:cobblestone_slab":6,"minecraft:fishing_rod":1,"minecraft:golden_chestplate":1,"minecraft:cooked_chicken":8,"minecraft:furnace":2,"minecraft:cooked_mutton":11,"minecraft:iron_boots":3,"minecraft:stone_pickaxe":9,"minecraft:spruce_boat":3,"minecraft:cooked_beef":8,"minecraft:cooked_cod":9,"minecraft:cooked_porkchop":9,"minecraft:crafting_table":7,"minecraft:spruce_planks":288,"minecraft:iron_helmet":1,"minecraft:dried_kelp":45,"minecraft:wooden_pickaxe":4,"minecraft:baked_potato":6,"minecraft:golden_pickaxe":1,"minecraft:cooked_salmon":18,"minecraft:stone_axe":3,"minecraft:bread":6,"minecraft:air":0,"minecraft:shield":2,"minecraft:stick":72,"minecraft:iron_ingot":45,"minecraft:iron_pickaxe":1,"minecraft:wooden_axe":1,"minecraft:stone_sword":4,"minecraft:iron_leggings":2,"minecraft:gold_ingot":12,"minecraft:white_bed":2,"minecraft:torch":100},"minecraft:used":{"minecraft:stone_sword":303,"minecraft:dried_kelp":45,"minecraft:spruce_planks":5,"minecraft:shield":12,"minecraft:cooked_salmon":6,"minecraft:cooked_chicken":11,"minecraft:rotten_flesh":2,"minecraft:torch":147,"minecraft:dirt":18,"minecraft:mutton":2,"minecraft:granite":9,"minecraft:spruce_boat":3,"minecraft:wooden_axe":12,"minecraft:bamboo":11,"minecraft:furnace":9,"minecraft:cooked_cod":2,"minecraft:potato":24,"minecraft:cooked_beef":6,"minecraft:wheat_seeds":24,"minecraft:cooked_mutton":5,"minecraft:stone_pickaxe":528,"minecraft:oak_planks":38,"minecraft:wooden_pickaxe":118,"minecraft:sand":1,"minecraft:crafting_table":16,"minecraft:white_bed":2,"minecraft:cod":3,"minecraft:apple":1,"minecraft:bread":6,"minecraft:melon_slice":11,"minecraft:iron_pickaxe":80,"minecraft:stone_axe":169,"minecraft:fishing_rod":33,"minecraft:cobblestone":110,"minecraft:cooked_porkchop":11,"minecraft:porkchop":2,"minecraft:andesite":5,"minecraft:golden_pickaxe":32},"minecraft:picked_up":{"minecraft:fishing_rod":2,"minecraft:coarse_dirt":1,"minecraft:crafting_table":13,"minecraft:wheat":18,"minecraft:clay_ball":12,"minecraft:chicken":9,"minecraft:brown_mushroom":66,"minecraft:wooden_pickaxe":1,"minecraft:moss_carpet":1,"minecraft:string":2,"minecraft:raw_copper":5,"minecraft:cooked_salmon":5,"minecraft:pufferfish":1,"minecraft:red_sand":1,"minecraft:spruce_planks":5,"minecraft:beef":8,"minecraft:azalea":2,"minecraft:iron_pickaxe":1,"minecraft:melon_slice":98,"minecraft:iron_boots":1,"minecraft:egg":2,"minecraft:furnace":10,"minecraft:raw_iron":66,"minecraft:stick":53,"minecraft:copper_ingot":1,"minecraft:torch":54,"minecraft:porkchop":14,"minecraft:diorite":3,"minecraft:golden_chestplate":1,"minecraft:stone_sword":1,"minecraft:arrow":4,"minecraft:rotten_flesh":12,"minecraft:tropical_fish":4,"minecraft:white_terracotta":1,"minecraft:glow_berries":1,"minecraft:mutton":23,"minecraft:cod":9,"minecraft:nautilus_shell":1,"minecraft:white_wool":11,"minecraft:cobblestone":327,"minecraft:birch_log":12,"minecraft:feather":10,"minecraft:andesite":21,"minecraft:salmon":14,"minecraft:leather":3,"minecraft:brown_wool":1,"minecraft:potato":36,"minecraft:oak_log":20,"minecraft:gunpowder":3,"minecraft:lapis_lazuli":33,"minecraft:dirt":68,"minecraft:smooth_sandstone":10,"minecraft:bone":10,"minecraft:apple":2,"minecraft:kelp":171,"minecraft:wheat_seeds":59,"minecraft:raw_gold":8,"minecraft:rabbit_hide":1,"minecraft:iron_ingot":1,"minecraft:cooked_chicken":3,"minecraft:flowering_azalea":2,"minecraft:bamboo":22,"minecraft:moss_block":16,"minecraft:iron_sword":1,"minecraft:oak_planks":49,"minecraft:cooked_porkchop":3,"minecraft:dandelion":1,"minecraft:gravel":1,"minecraft:sand":58,"minecraft:spruce_sapling":3,"minecraft:white_bed":1,"minecraft:spruce_log":121,"minecraft:red_terracotta":2,"minecraft:spider_eye":1,"minecraft:stone_axe":2,"minecraft:granite":25,"minecraft:bone_meal":1,"minecraft:terracotta":10,"minecraft:baked_potato":5,"minecraft:oak_sapling":2,"minecraft:black_wool":2,"minecraft:coal":336}},"DataVersion":3953}