{"stats":{"minecraft:broken":{"minecraft:stone_pickaxe":2},"minecraft:killed_by":{"minecraft:player":1,"minecraft:skeleton":2},"minecraft:mined":{"minecraft:podzol":2,"minecraft:spruce_planks":2,"minecraft:brown_mushroom":63,"minecraft:kelp_plant":41,"minecraft:smooth_sandstone":11,"minecraft:dandelion":2,"minecraft:torch":4,"minecraft:crafting_table":5,"minecraft:glow_lichen":2,"minecraft:granite":9,"minecraft:short_grass":20,"minecraft:red_sand":2,"minecraft:grass_block":15,"minecraft:tall_grass":1,"minecraft:copper_ore":1,"minecraft:spruce_leaves":14,"minecraft:lapis_ore":5,"minecraft:kelp":8,"minecraft:diorite":1,"minecraft:wall_torch":2,"minecraft:large_fern":2,"minecraft:seagrass":1,"minecraft:furnace":5,"minecraft:birch_log":12,"minecraft:iron_ore":13,"minecraft:spruce_log":116,"minecraft:andesite":21,"minecraft:birch_leaves":2,"minecraft:oak_log":6,"minecraft:coal_ore":174,"minecraft:sand":3,"minecraft:gravel":1,"minecraft:dirt":21,"minecraft:bamboo":2,"minecraft:stone":201,"minecraft:oak_leaves":16,"minecraft:fern":3},"minecraft:dropped":{"minecraft:cooked_porkchop":1},"minecraft:killed":{"minecraft:pig":6,"minecraft:zombie_villager":1,"minecraft:salmon":6,"minecraft:spider":1,"minecraft:cod":3,"minecraft:skeleton":2,"minecraft:zombie":2,"minecraft:chicken":3,"minecraft:cow":1},"minecraft:custom":{"minecraft:interact_with_furnace":43,"minecraft:mob_kills":29,"minecraft:interact_with_crafting_table":21,"minecraft:leave_game":1,"minecraft:time_since_death":104603,"minecraft:climb_one_cm":188,"minecraft:time_since_rest":104646,"minecraft:sprint_one_cm":246314,"minecraft:damage_taken":2896,"minecraft:walk_one_cm":403790,"minecraft:drop":1,"minecraft:damage_dealt":2635,"minecraft:talked_to_villager":4,"minecraft:swim_one_cm":99558,"minecraft:fly_one_cm":162311,"minecraft:open_chest":3,"minecraft:crouch_one_cm":10409,"minecraft:play_time":140341,"minecraft:deaths":4,"minecraft:sneak_time":4579,"minecraft:walk_under_water_one_cm":99502,"minecraft:boat_one_cm":261953,"minecraft:jump":2192,"minecraft:walk_on_water_one_cm":73916,"minecraft:total_world_time":140341,"minecraft:fall_one_cm":44078},"minecraft:crafted":{"minecraft:cooked_porkchop":9,"minecraft:crafting_table":4,"minecraft:spruce_planks":236,"minecraft:cooked_chicken":2,"minecraft:dried_kelp":40,"minecraft:wooden_pickaxe":3,"minecraft:furnace":1,"minecraft:cooked_salmon":3,"minecraft:stone_axe":2,"minecraft:air":0,"minecraft:iron_boots":1,"minecraft:stick":36,"minecraft:iron_ingot":13,"minecraft:stone_pickaxe":5,"minecraft:wooden_axe":1,"minecraft:stone_sword":2,"minecraft:spruce_boat":1,"minecraft:torch":48},"minecraft:used":{"minecraft:stone_sword":141,"minecraft:stone_pickaxe":384,"minecraft:dried_kelp":40,"minecraft:spruce_planks":5,"minecraft:wooden_pickaxe":104,"minecraft:cooked_chicken":4,"minecraft:cooked_salmon":3,"minecraft:torch":32,"minecraft:sand":1,"minecraft:dirt":18,"minecraft:mutton":2,"minecraft:crafting_table":8,"minecraft:cod":1,"minecraft:spruce_boat":1,"minecraft:wooden_axe":12,"minecraft:apple":1,"minecraft:bamboo":11,"minecraft:stone_axe":114,"minecraft:cobblestone":3,"minecraft:furnace":4,"minecraft:porkchop":2,"minecraft:cooked_porkchop":11,"minecraft:andesite":5},"minecraft:picked_up":{"minecraft:birch_log":12,"minecraft:crafting_table":7,"minecraft:chicken":3,"minecraft:salmon":5,"minecraft:andesite":21,"minecraft:brown_mushroom":66,"minecraft:wooden_pickaxe":1,"minecraft:oak_log":7,"minecraft:lapis_lazuli":33,"minecraft:dirt":60,"minecraft:raw_copper":5,"minecraft:smooth_sandstone":10,"minecraft:bone":3,"minecraft:apple":1,"minecraft:kelp":166,"minecraft:wheat_seeds":2,"minecraft:red_sand":1,"minecraft:rabbit_hide":1,"minecraft:spruce_planks":5,"minecraft:beef":1,"minecraft:cooked_chicken":3,"minecraft:bamboo":22,"minecraft:furnace":5,"minecraft:stick":3,"minecraft:raw_iron":13,"minecraft:cooked_porkchop":3,"minecraft:torch":7,"minecraft:dandelion":1,"minecraft:gravel":1,"minecraft:porkchop":14,"minecraft:sand":1,"minecraft:spruce_sapling":2,"minecraft:diorite":1,"minecraft:spruce_log":108,"minecraft:spider_eye":1,"minecraft:arrow":2,"minecraft:rotten_flesh":6,"minecraft:granite":9,"minecraft:bone_meal":1,"minecraft:oak_sapling":1,"minecraft:black_wool":1,"minecraft:mutton":2,"minecraft:cod":1,"minecraft:coal":254,"minecraft:cobblestone":217}},"DataVersion":3953}