{"stats":{"minecraft:broken":{"minecraft:stone_pickaxe":3},"minecraft:killed_by":{"minecraft:player":1,"minecraft:skeleton":2},"minecraft:mined":{"minecraft:spruce_planks":2,"minecraft:white_bed":1,"minecraft:glow_lichen":2,"minecraft:granite":9,"minecraft:red_sand":2,"minecraft:grass_block":21,"minecraft:spruce_leaves":16,"minecraft:kelp":8,"minecraft:large_fern":2,"minecraft:tall_seagrass":1,"minecraft:furnace":8,"minecraft:iron_ore":13,"minecraft:andesite":21,"minecraft:potatoes":9,"minecraft:vine":1,"minecraft:bamboo":2,"minecraft:stone":237,"minecraft:podzol":2,"minecraft:brown_mushroom":63,"minecraft:kelp_plant":41,"minecraft:dandelion":2,"minecraft:crafting_table":8,"minecraft:smooth_sandstone":11,"minecraft:torch":4,"minecraft:short_grass":66,"minecraft:melon":19,"minecraft:dead_bush":3,"minecraft:copper_ore":1,"minecraft:tall_grass":1,"minecraft:cobblestone":24,"minecraft:lapis_ore":5,"minecraft:diorite":1,"minecraft:wall_torch":2,"minecraft:seagrass":3,"minecraft:birch_log":12,"minecraft:wheat":19,"minecraft:spruce_log":129,"minecraft:birch_leaves":2,"minecraft:coal_ore":200,"minecraft:oak_log":18,"minecraft:cocoa":1,"minecraft:gravel":1,"minecraft:sand":16,"minecraft:dirt":22,"minecraft:terracotta":2,"minecraft:oak_leaves":24,"minecraft:fern":8},"minecraft:dropped":{"minecraft:iron_ingot":2,"minecraft:wheat_seeds":1,"minecraft:cooked_porkchop":1,"minecraft:diorite":1,"minecraft:melon_slice":25,"minecraft:bone_meal":1,"minecraft:raw_copper":5,"minecraft:oak_sapling":2,"minecraft:red_sand":1,"minecraft:terracotta":6},"minecraft:killed":{"minecraft:spider":1,"minecraft:cod":3,"minecraft:skeleton":2,"minecraft:chicken":9,"minecraft:pig":6,"minecraft:zombie_villager":1,"minecraft:salmon":9,"minecraft:sheep":14,"minecraft:zombie":3,"minecraft:cow":4},"minecraft:custom":{"minecraft:mob_kills":56,"minecraft:interact_with_crafting_table":38,"minecraft:leave_game":1,"minecraft:time_since_death":31532,"minecraft:climb_one_cm":5721,"minecraft:sprint_one_cm":458143,"minecraft:walk_one_cm":560046,"minecraft:drop":11,"minecraft:talked_to_villager":4,"minecraft:play_time":224341,"minecraft:deaths":6,"minecraft:sneak_time":9418,"minecraft:walk_under_water_one_cm":104949,"minecraft:boat_one_cm":912734,"minecraft:jump":3767,"minecraft:walk_on_water_one_cm":84541,"minecraft:total_world_time":224341,"minecraft:interact_with_furnace":70,"minecraft:sleep_in_bed":1,"minecraft:time_since_rest":31886,"minecraft:damage_taken":4296,"minecraft:damage_dealt":4590,"minecraft:swim_one_cm":169044,"minecraft:fly_one_cm":361270,"minecraft:open_chest":8,"minecraft:crouch_one_cm":26196,"minecraft:fall_one_cm":88391},"minecraft:crafted":{"minecraft:oak_planks":48,"minecraft:cobblestone_slab":6,"minecraft:cooked_chicken":8,"minecraft:furnace":1,"minecraft:cooked_mutton":11,"minecraft:iron_boots":1,"minecraft:stone_pickaxe":9,"minecraft:spruce_boat":3,"minecraft:cooked_beef":8,"minecraft:cooked_porkchop":9,"minecraft:crafting_table":6,"minecraft:spruce_planks":288,"minecraft:dried_kelp":44,"minecraft:wooden_pickaxe":4,"minecraft:golden_pickaxe":1,"minecraft:cooked_salmon":3,"minecraft:stone_axe":3,"minecraft:air":0,"minecraft:stick":56,"minecraft:iron_ingot":14,"minecraft:wooden_axe":1,"minecraft:stone_sword":4,"minecraft:gold_ingot":3,"minecraft:white_bed":2,"minecraft:torch":48},"minecraft:used":{"minecraft:stone_sword":226,"minecraft:dried_kelp":44,"minecraft:spruce_planks":5,"minecraft:cooked_salmon":3,"minecraft:cooked_chicken":9,"minecraft:rotten_flesh":2,"minecraft:torch":36,"minecraft:dirt":18,"minecraft:mutton":2,"minecraft:spruce_boat":3,"minecraft:wooden_axe":12,"minecraft:bamboo":11,"minecraft:furnace":6,"minecraft:potato":24,"minecraft:cooked_beef":2,"minecraft:wheat_seeds":24,"minecraft:cooked_mutton":5,"minecraft:stone_pickaxe":482,"minecraft:wooden_pickaxe":118,"minecraft:sand":1,"minecraft:crafting_table":14,"minecraft:white_bed":2,"minecraft:cod":3,"minecraft:apple":1,"minecraft:melon_slice":11,"minecraft:stone_axe":163,"minecraft:cobblestone":77,"minecraft:cooked_porkchop":11,"minecraft:porkchop":2,"minecraft:andesite":5},"minecraft:picked_up":{"minecraft:crafting_table":10,"minecraft:wheat":18,"minecraft:chicken":9,"minecraft:brown_mushroom":66,"minecraft:wooden_pickaxe":1,"minecraft:raw_copper":5,"minecraft:red_sand":1,"minecraft:spruce_planks":5,"minecraft:beef":8,"minecraft:melon_slice":98,"minecraft:egg":2,"minecraft:furnace":8,"minecraft:raw_iron":13,"minecraft:stick":21,"minecraft:torch":7,"minecraft:porkchop":14,"minecraft:diorite":1,"minecraft:arrow":2,"minecraft:rotten_flesh":7,"minecraft:mutton":23,"minecraft:cod":1,"minecraft:white_wool":11,"minecraft:cobblestone":276,"minecraft:birch_log":12,"minecraft:feather":10,"minecraft:andesite":21,"minecraft:salmon":7,"minecraft:leather":3,"minecraft:brown_wool":1,"minecraft:potato":30,"minecraft:oak_log":19,"minecraft:gunpowder":2,"minecraft:lapis_lazuli":33,"minecraft:dirt":68,"minecraft:smooth_sandstone":10,"minecraft:bone":3,"minecraft:apple":2,"minecraft:kelp":171,"minecraft:wheat_seeds":57,"minecraft:raw_gold":3,"minecraft:rabbit_hide":1,"minecraft:cooked_chicken":3,"minecraft:bamboo":22,"minecraft:cooked_porkchop":3,"minecraft:dandelion":1,"minecraft:gravel":1,"minecraft:sand":58,"minecraft:spruce_sapling":3,"minecraft:white_bed":1,"minecraft:spruce_log":121,"minecraft:spider_eye":1,"minecraft:stone_axe":1,"minecraft:granite":9,"minecraft:bone_meal":1,"minecraft:terracotta":6,"minecraft:oak_sapling":2,"minecraft:black_wool":2,"minecraft:coal":293}},"DataVersion":3953}