{
  "minecraft:recipes/decorations/crafting_table": {
    "criteria": {
      "unlock_right_away": "2024-06-30 01:13:57 +0000"
    },
    "done": true
  },
  "minecraft:recipes/misc/yellow_dye_from_dandelion": {
    "criteria": {
      "has_dandelion": "2024-06-30 01:14:06 +0000"
    },
    "done": true
  },
  "minecraft:adventure/adventuring_time": {
    "criteria": {
      "minecraft:old_growth_pine_taiga": "2024-06-30 01:15:52 +0000",
      "minecraft:taiga": "2024-06-30 01:16:08 +0000",
      "minecraft:meadow": "2024-06-30 01:13:58 +0000"
    },
    "done": false
  },
  "DataVersion": 3953
}